file,bytes,sha256
.gitignore,63,4baf41a2d56c64b4316d2dd9b8da72a2d702c47553ac18ad1f2ed27cb4817196
CITATION.cff,517,b8ab4ccca1d5e3da31c161fda168c8e51597687f0bf533078f63cea33b625b04
LICENSE,11358,cfc7749b96f63bd31c3c42b5c471bf756814053e847c10f3eb003417bc523d30
NOTICE,388,a4ed76fe8f68d7c193c03c117a10ca4800e7702a27bfce40a9c428fdaa930d2c
PROVENANCE.csv,20240,7393b0b087726c37a8832bd652f7911c8e5d9b88d46a681f2a4d0a6656527c14
README.md,5928,241379c55303bf8806bddadfd4790321878c4376a2f3258632d663fd12a87fbb
SCRUB_REPORT.csv,1344,f46bc4aa4ff68df592ba3db6f92f67e3f2a80e6d12cc9a9ad0ced81bed875727
archive/anchor_fix/compare_anchor_test.py,1852,fa2f04b1c10e86faf3bafa641b3ecf731b0735f1f239d0fcf855d662d7329014
archive/anchor_fix/compare_outputs_before_after.py,2698,a6ed8f78d28fa0f575a2e48ff9e6d77c739d21caa2c57555c60f11000a617439
archive/anchor_fix/headline_numbers_before_after.py,4105,f1fa069e5802127e0964badfe051eb69dd1e0f0d9169b81bc2bbc83288d91079
archive/anchor_fix/hindcast_before_fix.py,19638,642ccb1fc7138f4ee6c0532753d467ba037231771d62132bc7d247c0b52eab90
archive/anchor_fix/lstm_inference_before_fix.py,16887,27038dcf1221d328a507fe8455aa49c3de4879620041ff36c249de41d27f7239
archive/anchor_fix/make_driver_fixes.py,1677,954841a12ab93922eb6e93d3744b77df3388878d85acf5f217a47e83e4d9da9b
archive/anchor_fix/make_evaluators.py,3897,445d61113c64a73ac0d8692178a78367c34f6dde7570d84904221d035a224258
archive/anchor_fix/make_experiment.py,3163,9bf9bb4eadaca1713006c78210017a0bb78fa5b9c2f971dfdc3e81cfb89143c2
archive/anchor_fix/simulated_operational_forecast_before_fix.py,19725,42165bd4776ccfc4b64b1542a9f76efc7e32e0820d6775fa653174cf74c718e4
archive/anchor_fix/simulated_operational_forecast_before_fix_copy.py,19709,2a7ec7b6b8295d1c80547ee4a84f4fbee6ebdf1b6008fcefd4f2ee90007f8319
archive/anchor_fix/weather_model_forcing_jan_aug_copy.py,5412,c0ec94b62902ce9ce9e8c5135ef4ba794639c1ae02f2517d6b4073607b59b76b
archive/figure_script_generation/make_figure_scripts.py,8045,be2b4d7ceaa95fac2cd2ea1e5242f0fb65433238137af6aeec7c62cb6240cb46
archive/figure_script_generation/source_appendix_figures.py,17021,f2d76e732f3c237014d8e866996071b00fc086baf535d9abcf2e77a8e16d33cf
archive/figure_script_generation/source_event_only_labels.py,10280,24c0ab0d4ebbf2df1f89c274ec136a1637f8d7ffa46cd2139d20049310c55c14
archive/figure_script_generation/source_event_only_model_comparison.py,18779,3f8043965b8109451146007f0a51c1ddb1fb489608a2311b3c2a4014f1eee054
archive/figure_script_generation/source_fig08_hindcast_skill.py,5714,caf395c1042a9734421e6a9efc10758308e37876c9acac0045fd9a9a095a939f
archive/figure_script_generation/source_hindcast_examples.py,11444,63961e39f644d7d0f88a0f7a6af130f2008678a3238643301af103f7dcfdda27
archive/figure_script_generation/source_model_comparison_labels.py,10261,3e0940b564e96a1f2449bb80f7cd21befb4ec7d428ffac315aa3baef970ed260
archive/figure_script_generation/source_rainfall_crest_gauge_count.py,21628,abce2e20edbebfb9c871a56f36eadd064c8f5444b5ed8f0518cf5e8b31caaf8d
archive/figure_script_generation/source_simulated_forecast_examples.py,17581,54a1d786a33004bf21a3401a9ea1b89f6dab1f7a38fb55187eba8b560a1c3d0b
archive/figure_script_generation/source_simulated_forecast_figures.py,25150,659a2673cf174533abb41021b79440324317f9c681c1296c8bf77b565a282ada
archive/figure_script_generation/write_simulated_forecast_paragraphs.py,3885,f48bb2b9180251694e4c1f6712b2ed9856cfde019b76dca2232d6f27ffb1ad78
archive/model_lineage/lstm_random_validation_legacy.py,9661,af134a63fe80af0bf7ad43e5b3ec8e029b0145fd2cca290520de98375044dfc1
archive/model_lineage/lstm_train_nodewise.py,41004,763934611a5ac998d3794fb4d529b8f816a9f9f852c64d1c647473883e8465ff
archive/model_lineage/stgnn_train_reforecast_2026.py,11542,9de967ac9557a41128cf42b14a4acf8244d31a60344f058be4440d42e524eaaf
archive/run_helpers/run_simulated_forecast_remaining.sh,3218,556f071e5582898ed1fed4aeb67df23dce5189d5fc1e032b48d5f8c2d6145463
archive/run_helpers/run_simulated_forecast_stgnn_after_driver.sh,1765,45dfd3a3998d67f056401456fb2b42b9f29e4de71af5ee07460ba9806be6af40
archive/run_helpers/summarize_simulated_forecast_when_ready.sh,1233,f34d3efc8641910adbe458789b5722a129c7a0426abc03bcb4c721fc73ade248
archive/run_helpers/summarize_simulated_forecast_when_valid.sh,1756,bd316ca64adcbd8543e7802bce2c6e5bcc3365ef1ebe0217d78ca3962337ce1a
archive/run_helpers/wait_for_jobs.sh,2129,7c207acdd1b6c7faee368b6f33563ef6a73e9240f21fae0dc06e1ddad800d44d
config/rain_rise_caps.json,11080,85c14df17fc0b8b109eddfff7dc3e81e6ce8e87e88e0a5d02a241407b864c445
config/station_coordinates.csv,4878,be87c00a4b9fa12b6cd00ba0e13c25d180bd8c3e7e6623ab6de1d86cc4427eae
docs/alternative_graphs_protocol.md,2999,890346b6b8a9fa28639cf98c311526dac89b624134d3b27d729929ddb16fe427
docs/figures_and_tables.md,1655,65d85d4abf6ef8b64561d30941ed958c42af8a73f9ecb6492362ad6bced3201c
docs/installation.md,1612,1f8097acdc413ec1a4fcd9dfd2291029af231fb8e1544ab61ce55217d47592ae
docs/reproducing_results.md,2913,5c1e78f141c34118f8269a5d26cda3f61ff516508a510ff110a744fa806accea
docs/training_protocol.md,4143,f4ede9c899a783cb761910ab2cf4bc2e066f70a1ac12f987e349d5414b340007
docs/training_protocol_lock.json,1632,4898ae46e5918544392082bef937f447ced1fc5a19c503a8fc467522ce9aec45
environment/environment_evaluation.yml,9450,451f1045aba99e57e0656e66a650ba6a0181f4aeb926f7a5f80c68463e16656b
environment/requirements_evaluation.txt,7685,e87a6d503ec0d8035a3b9966b7fcd0dc5dd2bba469afd4efe637fb170bda6e75
environment/requirements_resampling.txt,13,a23aaf94250a9f53031a592980142245a848e2372b6c6c3093e8260b129265b8
src/data/download_and_prepare_matrix.py,114753,508e1223763085c6d1ab09bd3f09801326e608c4781c1b6ae24f9c0829c76797
src/data/gauge_cohort_pre2026.py,30180,a2cbb90181314255eaf77b59b0979ad86848e93ff7f36179ecb49acbefbcf3ac
src/data/in_parish_gauges.json,1570,a9ad45e92a756231ce8d30b99aa4886b3b2078269b46e4e44bb4988bb6350898
src/data/stage_to_rain_gauge.csv,1243,e79296fa5429a92c32fa00e6ab10e4eacaa159e803ce99a2f1044ac41f40d766
src/evaluation/appendix_figure_inputs.py,3541,2baeab0a960d2909683bd7caca9f970803edf17c8ff8e294e9291bff7568e8e8
src/evaluation/bootstrap_graph_and_cell_effects.py,5258,d51c3c006902f6973c942e5848445eabc19248e389532709f4ad9374405a1ed7
src/evaluation/ensemble_spread_and_rank.py,5375,56b9fcd609afaeaa8a9c0acb0a29e4dcdaf1817d89c390f1b3b8c37bff4030a1
src/evaluation/evaluate_chronological_lstm.py,22301,008caa64de77d394f6bfdffa9e92f62a31ca15ed46c4ef225e6c58c1acf59bef
src/evaluation/event_definition_overlap.py,6872,76ddd5be685ce71158c8168478e6cbbaef96d335fc42367425a7beeda347d952
src/evaluation/event_only_crest_error_figure.py,5483,0fcd7c023be13e9e6563b87f48f6f56afc4b58003a92a3ead9ae9ba6a63498c3
src/evaluation/event_only_gauge_count_figure.py,8422,8fab6cb0f6abe9516cee1ab4da7abc72047daa768ce1b88a871603ae7bb55a8a
src/evaluation/event_only_rainfall_skill_figure.py,4900,afbe374bde3223c9cd8fc2b3e03668d79a3365745d303f37453562cdcfac3660
src/evaluation/false_peaks.py,8783,f0a78a30df174900b4c10dfb5737a33e197cff51a3095e07bf90d0b908edbd42
src/evaluation/false_peaks_ensemble.py,3903,2a997d31af858fa115e8afc6a52087586e441e5ec14d5c016c0d3e620f147425
src/evaluation/figure_inputs.py,6662,edf8b123a96b07f5c52aeb64ad3b98c15e4af410d578a407b54e4ef687af061a
src/evaluation/gauge_count_figure_inputs.py,5532,4d49f666359682171ebd36d1251d687f81cd0cd24a7ba627e6b5f6e677d88331
src/evaluation/gauge_network_skill.py,10291,f7e16de5c2b76ffee736e2151ffa358f53098d07e456d0c38f07ab37b851a286
src/evaluation/graph_effect_vs_rainfall_quality.py,9988,d2ff4d3adf3d23e7a0bcee560055cce9e942407b79be2e284f86b45ffcb425bc
src/evaluation/lstm_vs_stgnn_by_forcing.py,9564,1f790ab205deb4b0f51d8fb46ffe687fe4b9b490f334e3fcd06880f89fa3b9f9
src/evaluation/network_size_effect.py,6611,14ddbe7de289d4d54447bfafcabb5e1ba193c8f424c64c830e42197284d3960a
src/evaluation/rainfall_and_crest_figure_inputs.py,11029,791908a8189bfcd30ec4f9014791e1c149de9b837e3a70067be3d09fe8b922e1
src/evaluation/rainfall_ensembles.py,5061,be201b842c8e64941fdfe684334ff88e61940d8c7ea75ab0ee97951c4f3bfa3a
src/evaluation/rainfall_forcing_skill.py,18838,98b86e582de33f845ab4a9044c2e2dfa197dcd9bb44c136efcdee28da22abb3c
src/evaluation/reproduce_paper_bootstrap.py,9262,dee2ded4defc59661444b679490d486313af1851fed419a6b8a78c1eaaff6bbe
src/evaluation/reproduce_paper_resampling.py,252,49bca9b6758c9b52fc03c4a5166aaa3cd09eb87d8ace76e523f05234f8493838
src/evaluation/run/run_all.sh,7146,71866437d22224d50d04089c522be6119600e97a24b799f41fb6ce0d409e6eb8
src/evaluation/run/run_alternative_graphs.sh,2566,c2ad03d8e2a46151f875c04c740267288c48da2ce5bfafdc2b1f670048626db3
src/evaluation/run/run_gefs_members.sh,2073,836b26081b405793860ea37530b4f0a95a82d36ed6f953668b66916b6316d74c
src/evaluation/run/run_graph_window_scoring.sh,3074,5002df89774e8787444ddb9bed1dd3ef664f35092bf0afb91cc2f79d12d81403
src/evaluation/run/run_gru_weather_model_members.sh,3100,7d0b19418b91c39f1435468fd30fd2c8dab4a399148679b85e3d92921251db30
src/evaluation/run/run_hindcast.sh,3076,be32119eb6d7cc410843df1fd5fec3e8b20d88337f99dd544897fd61ba6b2c03
src/evaluation/run/run_hindcast_gru.sh,3184,b465551b006ed31327c0a1e516786b7cc3199db7465ecb7dbc70736c8157896a
src/evaluation/run/run_hrrr_rain.sh,2988,36b47d2bd052f666d40271d7982a2cdafc74b2180a2ee8b09ecb642f931f42ad
src/evaluation/run/run_lstm_weather_model_members.sh,2934,06cf81004e8c7ebf74605f77e45b2144966e6c2064b27c9b982dbbeb1fb28c61
src/evaluation/run/run_member_window_scoring.sh,2969,eb8943072487c2da4c79f54defe8ab38bfa6678c5029c20b6aac95f3f68b1550
src/evaluation/run/run_network_subsets.sh,3065,8074e25d9287bfea29ef247db1a059c13bbbe2034d3cb9f21fecfdc978038cb7
src/evaluation/run/run_network_subsets_hrrr_rain.sh,3040,adeead8e4ce810ca6b313dfec21a71f5738cc95382bfc7f0ac35a6fc90ee178b
src/evaluation/run/run_simulated_forecast.sh,3998,419d1f8af6b501ef5d94553507b329d202aa7b28ab83bbca12ce8318b8459546
src/evaluation/run/run_weather_model_members.sh,2551,5330584f87ea294870bd1e4144322aae7a493363605291d6943798bf1831fc76
src/evaluation/run/run_window_scoring.sh,3192,978f29f41c7f06dfcebab03b90878340e359d1d0b73888daf5172232c4efa485
src/evaluation/score_fixed_leads.py,15106,60640c5653cc4ec82988638c7402661a4abb4f497822f63d047dbc4932e489a1
src/evaluation/score_forecast_windows.py,13465,2fef68863401562fd0eaf46e9798178317b1b407acbaa2dcc0caa58196081533
src/evaluation/section42_network_numbers.py,6945,eab81deffad393ba22424998866b265e1328d72843f21a4432c7402abfdcd3ff
src/evaluation/skill_by_rise_size.py,9664,a42bb83a233b94adb9a2a520b146f31eae1598ea2b95c9dc0af5302fc8d1f084
src/evaluation/structure_and_stage_inventory.py,8264,9e90c98502be5e39bd8cff954dd643e2a6df19a634d70385379cc33550b90bfd
src/evaluation/summarize_hrrr_rain_runs.py,12250,2806475dadba71932e2113ecae07362767496ab2c6be73c5aaadc7b8d63cef7d
src/evaluation/summarize_simulated_forecast.py,12281,8acd2600c12def920df9a062a1a20c36de3f2fb917b80af334eb3935f099a86b
src/evaluation/summary_figures.py,16129,9945cd2a85b7224ae71207da73f8a52d4dba6455fbf81a44c6f9a61880987a41
src/figures/_card.py,1176,98029694382cc3e56f2699c3ef772c62aaf2216b3552a53bbc190655cd430329
src/figures/_mapbase.py,9765,e38701597fd62a963332a3df850368c8337ef3bf95f22c26a05453939b7ba96a
src/figures/_spatialmap.py,6403,6eb65e3e5f3e7a61b050b6e0b1da7e1f6f702b3353016b00a6f6457f8ba65ed7
src/figures/_units.py,1824,c3e0f30abc7030e716c06a52ef0f33be14ae78afa4ed8685d4e1e2323ffd33fc
src/figures/fig01_fetch_map_layers.py,5753,495d01c5ba40b9a9a42a81842dfaf10a44e581d62387a136dc1bc335149668fb
src/figures/fig01_study_area.py,24405,c9cc3532dfca958f7d609b30d58db367bed8304a555b1f5cca701c80584e4c63
src/figures/fig02_operational_lifecycle.py,4228,6b0476f0b1d66ada02db0b3bd2df1f2d435c4fe6140237782c039f3da32ef6db
src/figures/fig03_candidate_graphs.py,5800,c2f0d900338d43b07a517ec2913427b9dd51ff0e8fd2fba7f78e0a2398f804cb
src/figures/fig04_workflow.py,5620,364af24a8b87aeda7b563756d5f04e72f4d9eee3612820f1817153693aeb79ec
src/figures/fig05_lstm_step.py,8691,cfeb526f082f0d4b339681cc2466100ee304dd415af8eb6343d82f1632e3d739
src/figures/fig07_selected_graph.py,4998,32c74ec83d2acdea22e79739cd66e5b59b9e20e756e0093b4d45d5f07b1fc299
src/figures/fig08_hindcast_skill.py,5893,a1e5d84a71ab7e85234a1ca35e9589779cac619f92c0a68c5953f3db54ee0600
src/figures/fig09_hindcast_examples.py,12107,a1c94e271e66dd87924ba0de44a43befe24f5309192498c68d3c80c166c15fa3
src/figures/fig10_longitude_latitude_ticks.py,2290,1d7d092f751d1cec50d609b5607fb5edbd31951551091fbbb9bcd9004e4c154d
src/figures/fig10_simulated_forecast_skill.py,26030,d45239ed583cfe09288e2659c5a9dae0e6e074469c378a670c6fb20243593e12
src/figures/fig11_event_only_labels.py,10464,bf9048cd97948c4b3958daa53828908cd203b156052dc3255446f9d242d3710c
src/figures/fig11_event_only_model_comparison.py,18932,4209b10d982ba214f1b6d703e428b134772db22daccbf4b345d1120c034c4305
src/figures/fig12_simulated_forecast_examples.py,17769,1aede3c0cccd489ccd0d0fe1de780b6e62c5a55271a112d93d89ddc76d345043
src/figures/fig13_fig14_fig16_rainfall_crest_gauge_count.py,21812,d12543b44c0a1c160433fc794890d5ef9649ce6da505b354c91e53fed36314a3
src/figures/fig15_gauge_networks.py,7083,125f3801406921987f5a9d7f9db69afe89513c0e87c477949ee7717a356fe151
src/figures/figA1_terrain_and_mesh.py,11631,cc64b5050796a5793f5d60ce4bfa42e7fb5fa299af9576fd678e89a8b1628879
src/figures/figB1_B2_C1_appendix.py,17196,9bef2abda04d476552a6f570580413fbdd184259b57f43fad2db124e851c69bc
src/figures/figC2_C3_event_hydrographs.py,15428,f38cb8f368b917a55522c16f32f8463397c364908151ed348b5e42cc8788be6d
src/figures/recipe_connectivity.py,9545,169e4cca3c049268bea6ffa02983eece5ac1a97aab963e01ad778225a8126096
src/figures/recipe_contact_sheets.py,37678,311c40831b7117d026c50177f41796bd479ab811ca1ffd33e7fe19326fa2f32e
src/figures/recipe_contact_sheets_all_gauges.py,37067,80607b1324f2e6cff9715799a340e7fa9242340c39f78d24d9ceda4592398650
src/figures/recipe_ensemble_crest_error.py,13755,d273ebf767a735ec754ce07608e90fc1378b07f9aaa56c6f369bdf58e374b36b
src/figures/recipe_ensemble_rainfall_skill.py,11565,884554a40bd471d4b31c5d160ff9d97c54e83167e42f11ac7fa4440155878933
src/figures/recipe_graph_figure_and_table.py,8131,6b4a86737d67eb4017da4a35ac90d4cc53ed4588a810ac13263a1065caab45cd
src/figures/recipe_graph_map.py,6870,75aeeb342050bf890f88b7c8ff45590941330de20950725f46c67d8461c7ae15
src/figures/recipe_graph_map_base.py,10278,1959c4bafed578137c4e3eabd080c180f1ebad7553239f2d05e569cac75ca56b
src/figures/recipe_rainfall_skill_and_crest.py,13504,7ee77ba08519094820271fe21f9d5969d6cd93ef0bc4f3478f9e9f4b834ba514
src/figures/recipe_revised_paper_figures.py,22615,65f9765d84d723a1320059351264460f796b99dce68c12544da6ae53bea1229a
src/figures/recipe_spatial_difference.py,8678,7daa5b2ab2497f605399de673bea098dc385eed325a57214c12650ccac37b530
src/figures/recipe_spatial_skill.py,2972,15bdfff073442885f7a572f760add12a63db2c7eff7fe81852737a67604dca8f
src/figures/recipe_spatial_skill_map.py,8363,ab516449d5545d4edbf352b8a611b387daa00e6de4e28c2fa80601a63ed1949a
src/figures/recipe_training_inference_cycle.py,21069,cd4a2b70c3562d69920e782676e54916f347fa5f86cf1f92ce200050501b434d
src/figures/recipe_workflow.py,3858,a644af0ec0487cdcb18a0475e0b62aebc5249fa80ff25c2816b855fd0bcb6fd7
src/figures/recipe_workflow_base.py,7470,a28ac9bc24ed11c58e0042ba3c1f0b779104b7430364169e06639776f701b9b6
src/figures/run_all_figures.sh,1709,714889db61ea7f123922bdfe42bf898e17e0b1aea0751f911fd041078a282e60
src/figures/simulated_forecast_model_comparison_labels.py,10442,03a2f0b141ecfb3bb444aaaa289d6cabdc8e7001165bc747a2bd3051cfede559
src/forcing/gefs_fetch.py,14832,07b005d0d4883a89bec5534ce8af4b8af3c02bf02ab6ebe0cc5aceba5944d200
src/forcing/gefs_probability_matched_mean.py,7983,e5c3cff02ca80dde29334341f808d3a41ee5ea9263133f95e47e38c47e2c8fdd
src/forcing/hrrr_fetch_points.py,11749,eec5ed83c77cc9b3dcd921087dfb24b4e20e1a218da88ad9f3cc467d15aaf9d3
src/forcing/hrrr_issue_time_forcing.py,7629,65e1e6ec620953becfaad030b1e3eca840bd8a38373af12b9eec5da925851b8c
src/forcing/weather_model_fetch.py,10218,bcdb87eee1302f0237817e0ef5321e8913756a21785cb4158e10e3a514ed48b0
src/forcing/weather_model_forcing_jan_aug.py,5412,c0ec94b62902ce9ce9e8c5135ef4ba794639c1ae02f2517d6b4073607b59b76b
src/forcing/weather_model_issue_layout.py,2749,481e59a8afe72c3495855692d496ed74420361bf515a2b78b8e4cae0e725006d
src/graphs/alternative_graph_manifest.json,5515,28cb22ed4d7975bf90838a31c4a41010461a1b89d1aa67eac94996637c5acd41
src/graphs/dem_graph.py,5450,20df8dffa8cff75f0c38d3f81485be1404afa3bbae57efc06ddc5f90249f0f7f
src/graphs/dem_within_basin_graph.py,6231,927f99339990766b61cadc22817db7440d01deeecfb499e8921d3b84601b21fc
src/graphs/freeze_alternative_graphs.py,10957,de9250a081c62846ecbd5d3eaaebf4b28ccbb6bf89a63db7a5bfe5d32d786dd3
src/graphs/freeze_graph_assets.py,6017,d45ca6b22a8c1e97f068197413ef7016e4dc45cba70f0580cd5187102396adce
src/graphs/graph_asset_manifest.json,3380,42fbc35fc027874dd662c504b994ac1b7bcc9da39114779c83463fd4f793f43d
src/graphs/hecras_graph.py,4475,7dfd92857cf136061f1ee50694430fadcab1fa10ef33b190beb937dfea63185b
src/graphs/identity_graph.py,3762,865095c0751b1892bc69df7017634476415d65d16ce788ad9244a8d59d501e56
src/graphs/network_subset_graph_manifest.json,33641,20384b775f7ca8c26c72a14885044036ec0091353e960d490c1c832257d2f16a
src/graphs/network_subset_graphs.py,10054,8d61bc55a8a2747e933c7bca92e25b038f0cb5f92fab71e49d361518c559d152
src/graphs/observation_graph_2023_2024.py,27069,e0b7c9af69b126c7fef7ff106e3569fcd3a3034fc87cb9d5dd2d0581c15df730
src/graphs/observation_graphs_pre2026.py,17436,6c05f6482fb3dc48a332f30211e1b8bc0a80ff5bcd13157526b1b9702e1b823f
src/lstm/inference.py,18084,02db8e604e4479ab49c19a3bae7f367f19a1dffe0b74fd94b19f86862866ce1f
src/lstm/lstm_models.py,4094,cfe476eab134213e6f1b13133117e40960cd5dbcf0e9d0d15ccd7d6057138bf8
src/lstm/slurm/train.sh,1593,f756780e3e86007505563ddd3a5871fc3ee74f599d2e525378f22f6bbb64964f
src/lstm/train.py,659,168bc71caab9fbd2fdbf531a5315d2531383f4cdd13251b4b18c347f6996dd39
src/stgnn/hindcast.py,20828,71ce5cd15be1c106d721cab71f91e0ce527a690e939bdf89bd5781d411ecfa69
src/stgnn/simulated_operational_forecast.py,20937,380cea479d96cfd3e6c726276379a0e8c3a330ac51b73c2ba54dfaabd9b6dfd6
src/stgnn/slurm/train_alternative_graphs_epoch_selection.sh,2543,f8f10d57a07ce8a9702777e9d96399e504505d0fca14e3cae82556e033176ebe
src/stgnn/slurm/train_alternative_graphs_final.sh,2481,58311189589b1edb6247337aa10de49918b1b0e8e26c838cb305368ee0142387
src/stgnn/slurm/train_epoch_selection.sh,1395,b54071cf32cd85e06b0ebd4b13adb78b274f84b3c27beea1d7219be855438b1a
src/stgnn/slurm/train_final.sh,1333,bec19a72bcf2bbaee6c652bc56648a41961e238eb13c9b7a7c65d19e63db05cc
src/stgnn/slurm/train_network_subsets_epoch_selection.sh,2537,b5a78b7b4f63053dcfdb7af97fdbce0befa6bcda5102fa56b64790b9cb26eb33
src/stgnn/slurm/train_network_subsets_final.sh,2471,183f7b596515cdb265f00fd295e55a8440a40f81bc90110ca1f45384cc83f9b0
src/stgnn/stgnn_models.py,4094,cfe476eab134213e6f1b13133117e40960cd5dbcf0e9d0d15ccd7d6057138bf8
src/stgnn/train.py,29615,6dc581f6ee077738bb5d65ef1f9d676239ebb14e5442733e0fb150ab0bd6e042
src/stgnn/train_network_subsets.py,30323,ccd79e8e732f15d28e6a77de90d18dccee04366acca77fa1e172919f11901ae0
src/stgnn/validate_alternative_graphs.py,13259,3f701ebc86e5e1fc120bd62a7b57a5e786251f674e19256057a982c28b4af043
src/stgnn/validate_training.py,17485,d60acbe520303334ea30b4f5a78dffeea8ab57706aa096e9071d3fa777bdfa98
src/tables/figure8_text_numbers.py,2978,82ddf72b0a4692ef33aa4cd303b5c5c04165684440dd6ade8e4b5dd0d2e50485
src/tables/hindcast_seed_numbers.py,2379,1b99a49ab9a1d4eae457008613f3819c2548513251bb804c1c0a820d9aec1f4c
src/tables/section41_rainfall_numbers.py,3406,fe36230a569cea64880f11f0c4a1a0ab425246e181aa8695ddd923a044c65840
src/tables/table4_hindcast.py,1682,fe64ca5d37457a18dcb1cc1aeac457a3171c28ec1cb6f01a59025e7c6ff482f0
src/tables/tables_A1_B1_B2.py,2763,1666670ae45c2522e92a0d766f6f50df44012f70cb6148a62810be12f565e245
weights/MODEL_LINEAGE.csv,1692,bc8c9991a6b078869798beb1dc50f4ac0f773d83eba02ab750d55028c523422a
weights/WEIGHTS_INDEX.csv,5646,4fab2790f6ceb483de6e07630e555da9d74ea45f04d49ac42fd2e90ba086490d
weights/gru_identity_graph/seed101/gnn.weights.h5,520776,936f6dedcc95e5849a8356bdcde74097b2513facc3a48ef802c629b0a0bcda99
weights/gru_identity_graph/seed101/gnn_meta.json,6737,a0a3286e9009063e575339af9dccf3361e0444f55ebf462d4ec8765de6980d33
weights/gru_identity_graph/seed101/train_history.json,379,d20a90e409b3e056681cc3d1d6c9047600ac8da24509b8cd3464a6ef5892e54a
weights/gru_identity_graph/seed202/gnn.weights.h5,520776,6dea7e60c46927f4fdfa618c552348cc4f90aa51eb320ddd45756bbf6c818fb7
weights/gru_identity_graph/seed202/gnn_meta.json,6739,c99930226c3230ef89fca7796fedb288608212e965ce3c4802362d445a604ed8
weights/gru_identity_graph/seed202/train_history.json,434,0875227550c0e3214982d9c6091a53e08a5325fbad70332265e30620e10bd5ca
weights/gru_identity_graph/seed303/gnn.weights.h5,520776,f5a9aa1608914cf4ede29cc52bb857de94a44f5cf0da039d22b755dd9ae5815b
weights/gru_identity_graph/seed303/gnn_meta.json,6739,5c47368226d4bcb20c644df4a15b1aa731af80ef0c2b94ebe8fafa1b70fc775f
weights/gru_identity_graph/seed303/train_history.json,487,408cfe37085b542d4991b9505a9aa0a72c7e0af0b2d24984eb7af2e3668e0388
weights/lstm/seed101/gnn.weights.h5,677960,d660fd71b1aba4ef7a48951817100d3370b22c194ceddb29a925dd04b618186c
weights/lstm/seed101/gnn_meta.json,6738,5217efaa2fa33cf8d7194ff9a34dcf7d3acc27233d247d06f923b2c4109de599
weights/lstm/seed101/train_history.json,649,e39c1f9b38babd17f7134311cd5ed8dd9a2e0a0837f0524b37eb48f6db915991
weights/lstm/seed202/gnn.weights.h5,677960,92ba1d9f73d522e7f1e735fa3a5103d2b0945d5c11777641a9cab9c713bd5ff9
weights/lstm/seed202/gnn_meta.json,6738,6a9efcc68ebe67f5c031b7f4ae0f1dacb537855e2f647dff191fce96e546c1a3
weights/lstm/seed202/train_history.json,457,fb6989cbd0d8cf26fa6a616304d4680048702657b2c39a3ff331b3f32b88a4c3
weights/lstm/seed303/gnn.weights.h5,677960,5125f2251146c73c959a2b6ce91cbcbb3951cd87c113ce5d2821fa79d1954400
weights/lstm/seed303/gnn_meta.json,6738,4e836a86d2a4684c3875198077dd16dc05a1f65a97bb9338e20eea85f22002cc
weights/lstm/seed303/train_history.json,701,a80eb35a035f46bcc630e1cce0d0136a3a9b36e9c50a6318fa91839b5cc9f8d3
weights/network_in_parish_10_draw1/seed101/gnn.weights.h5,520776,bdd34def14a6e815de3bbda3395873dc1e117dbf9e71f97cba30380472130879
weights/network_in_parish_10_draw1/seed101/gnn_meta.json,3071,0cc6b1d88ee07d19de410d231d225aab142aaf25878017e5fd416ce426e770d8
weights/network_in_parish_10_draw1/seed101/train_history.json,467,3e56aaf84859ac5ccba10c9292a1c18b15aa29fcc47c91ddf37ecaf08d2c7dae
weights/network_in_parish_10_draw1/seed202/gnn.weights.h5,520776,53cd67eb7905e9b66cb4252fcdcf7ad6d471052494c380442a616554ad6eb4c9
weights/network_in_parish_10_draw1/seed202/gnn_meta.json,3069,a8148174ff2a2d80ef18049a92a74f19a4e790e5645b4edd5182f4482a84876e
weights/network_in_parish_10_draw1/seed202/train_history.json,274,aaa8a2629d8ab6bbb6c78b1eca054e32e86e31073aa66b8d8459ef27be424e20
weights/network_in_parish_10_draw1/seed303/gnn.weights.h5,520776,eb0ef576bb54ecb93589dbb7b2d6d9971e5c70dc11486114f11e0a72e51ab8bb
weights/network_in_parish_10_draw1/seed303/gnn_meta.json,3069,2905c772f9cd886e0e6a4a06630806afe1f05410e0d0d4c9b0615a937b2adf21
weights/network_in_parish_10_draw1/seed303/train_history.json,298,b1330ff6ea30f05591067e943c5d52889fc47d88e49d273722533cfc977c695f
weights/network_in_parish_10_draw2/seed101/gnn.weights.h5,520776,8d4a73a50aeecdeda1e1ea68b574fd9296d6b09e3cfc8720a965566d4f64593b
weights/network_in_parish_10_draw2/seed101/gnn_meta.json,3071,32ab10965b7ee49ea1021f77cbb71bfb8d506c3313076476f49d4cf5cc1ea4c0
weights/network_in_parish_10_draw2/seed101/train_history.json,441,ef78bc938c665bad240ba270dec5e6e3c9503419b7626ac48597295708b57ba8
weights/network_in_parish_10_draw2/seed202/gnn.weights.h5,520776,0161ada11cae1f60126f52dc0723e9e61f37c35aa635294439dbcc35b7c459a3
weights/network_in_parish_10_draw2/seed202/gnn_meta.json,3069,d7471fc0ba0309995489ae5522f2de87700d04f8b9337fdd48d81f50d3acd55b
weights/network_in_parish_10_draw2/seed202/train_history.json,354,f124f3a44399dec2d453aadf04a163140562df1425391c1e6e906ddeb46042ad
weights/network_in_parish_10_draw2/seed303/gnn.weights.h5,520776,638924380b0577a6705e64c7197f16ce83664ac9a8cf344318f72342df5b3936
weights/network_in_parish_10_draw2/seed303/gnn_meta.json,3069,b32cc421c90557055f62a6f2e157b7679da4ab2e0e148c854cb98b9d0c61acdc
weights/network_in_parish_10_draw2/seed303/train_history.json,381,782cc530d7ec32397a586ced00462ecff9490b48cbb11c22a2f626ddc63a7187
weights/network_in_parish_10_draw3/seed101/gnn.weights.h5,520776,017bf49ceb4a5259e05bf02f3ae8db4fbcd57e83a67c4617e312e8dd1ac12f62
weights/network_in_parish_10_draw3/seed101/gnn_meta.json,3077,23a17c104d974b903ebda98fed1530b6d6922887bb92a969979f721270ee9923
weights/network_in_parish_10_draw3/seed101/train_history.json,434,fd13bc060e225d2d7952bf8f55608d4a637aefad74d31be47827571bda60aa60
weights/network_in_parish_10_draw3/seed202/gnn.weights.h5,520776,fef1bd9dfda53a597dff02e2636c3b49483b3b09d1ebfc2e39211687d3c84b9a
weights/network_in_parish_10_draw3/seed202/gnn_meta.json,3077,c3f17d44ba6acc67de6a03b7eb3410817de9bc4e2c5cbbd52a727f869dd3c559
weights/network_in_parish_10_draw3/seed202/train_history.json,459,fef2d0ba939ec40ef7dbb153f25cead92441833112999790a294fefda673dd46
weights/network_in_parish_10_draw3/seed303/gnn.weights.h5,520776,72e5fe1a3af68736f81c71435c33c4b711cd1bde23c4b4609f20226583dd0cb6
weights/network_in_parish_10_draw3/seed303/gnn_meta.json,3077,dc8f471b823581b16e8c60bd08e636a63a2153d3740a42664632de3b5567e85a
weights/network_in_parish_10_draw3/seed303/train_history.json,543,e849101650fb014d84265c67e265fce8c6c4bb09aae3e96f44febdb3ca5c8bed
weights/network_in_parish_20_draw1/seed101/gnn.weights.h5,520776,5867caf8033aee815a252846149c6a3afd02db429e7bde5f7a4f2a66f784d2c5
weights/network_in_parish_20_draw1/seed101/gnn_meta.json,3698,b27f069f28fc57c783868bf0fe7ebb1aa582ef71e5df43aff85b45e2e9bf72a8
weights/network_in_parish_20_draw1/seed101/train_history.json,354,f0f6540a8a0b2e265255d9ab72368533544e272d9344897bda8f5dee94201ede
weights/network_in_parish_20_draw1/seed202/gnn.weights.h5,520776,ca19160977a5f9cc97e2407e24388c59026f234c6cdbfb3989bcaa1dbd8411d3
weights/network_in_parish_20_draw1/seed202/gnn_meta.json,3698,124b93a8867d7ac8eef5032f141337c46817ef34ba7cb0ad32b1f23b2c09649e
weights/network_in_parish_20_draw1/seed202/train_history.json,379,2f4a860c605e6e1386b60e5cfaaee4b7a30247a39056ce4b87260f8fc0915273
weights/network_in_parish_20_draw1/seed303/gnn.weights.h5,520776,43cddc2f34ca57d6d392de6110e473614cfbfcc7267758c3a41cb70d7bc4bcd0
weights/network_in_parish_20_draw1/seed303/gnn_meta.json,3698,de45c77ba36c1a14bcc4d979c0135c151f2a0008ecaf5eab7b3bcba4755b0cb1
weights/network_in_parish_20_draw1/seed303/train_history.json,296,20c09400a8c687e538c85bf213dd86ca7530b3fb256ade6125676c9e1509e346
weights/network_in_parish_20_draw2/seed101/gnn.weights.h5,520776,a0c30e0222cf9cea2d93b41ee8eb299530b5ee31eacb492a793dd81c6e68f1b1
weights/network_in_parish_20_draw2/seed101/gnn_meta.json,3706,d0fef7c3d657da941950d1d57e8b2e515b684f2cdd87ea8b6cd041dc92690bcb
weights/network_in_parish_20_draw2/seed101/train_history.json,436,8bf0ff48b108e7b19d99900b4a9feed634fc96dce4eb8c3a7950589a71a2e26f
weights/network_in_parish_20_draw2/seed202/gnn.weights.h5,520776,196f7eb44dad947b259afbf66fa7d9d7d8df77978b56f138433956890db5a6b3
weights/network_in_parish_20_draw2/seed202/gnn_meta.json,3706,ae540d112e3adb2a995e15017696205f4d2f6ca2a0b7be5a4e024d0b95c83ddc
weights/network_in_parish_20_draw2/seed202/train_history.json,409,7c800ab0f1524dd0a0a044c7d37c0d8725727f468338cd34bdfd442c7ca3fec4
weights/network_in_parish_20_draw2/seed303/gnn.weights.h5,520776,9a8075a98fcaa1ef7b95aff106dab0e165b1ffe136c8a00fe7c102368c466e05
weights/network_in_parish_20_draw2/seed303/gnn_meta.json,3706,9dad8c36a056b45ad76b072e74ba35aa87fe49168a4afd4319b6cd7ffadca027
weights/network_in_parish_20_draw2/seed303/train_history.json,410,aef159bc0ebe25996f8e6ba31ef56c27b1b094e34ac884f03d34eba47fd47d78
weights/network_in_parish_20_draw3/seed101/gnn.weights.h5,520776,0477cfef8f2e47e0f041692a7733470019f461589fbc6f4693af810ad77c691c
weights/network_in_parish_20_draw3/seed101/gnn_meta.json,3706,4fbc8883e9a853af6b67eb5ba8cad830027af544c47fa38e51d4f0c31623be8b
weights/network_in_parish_20_draw3/seed101/train_history.json,378,6a79c3788a690939e9488dae6ef1806115a408519fea5b4b510b545580938f70
weights/network_in_parish_20_draw3/seed202/gnn.weights.h5,520776,85c1aa9b8b3000fe6ff53fb4775df66fc1991ff30c84158a87e4ceea45850ee9
weights/network_in_parish_20_draw3/seed202/gnn_meta.json,3706,a05defa17d46efd016f54978de00ac3f05407d4adb69aad8bef804b3dd207f9f
weights/network_in_parish_20_draw3/seed202/train_history.json,271,35e75636fd727945854d00f7b3a5a231cd8033c4d97f9316ee1bccdc5c9b8e20
weights/network_in_parish_20_draw3/seed303/gnn.weights.h5,520776,66354b6de5f7ff506c2db3e8f1028634c9cf8a6683fb179b2d8f1b44cf19b841
weights/network_in_parish_20_draw3/seed303/gnn_meta.json,3706,af5c4ea6849d7f30c347de51405b2e0601dd2e254a0d0dbbfb73b0ebe5a80fbb
weights/network_in_parish_20_draw3/seed303/train_history.json,298,62ca82bb8e25f54a2cafbe92749caedc86951c12ce380a3016962927f8200b36
weights/network_in_parish_30_draw1/seed101/gnn.weights.h5,520776,4a3d0d491434a070a21e6d10cf5d6309e0f9daa33aac9fa0bde67ad380f2460c
weights/network_in_parish_30_draw1/seed101/gnn_meta.json,4323,3bf6112e8b22d6ce44e843e6636078e2c816fc41832a0d86ce49b81e20c2b4e3
weights/network_in_parish_30_draw1/seed101/train_history.json,385,4a438d431cd7f1bd88e68709d6be3ed9a763cfb76d4f731508d06d883b7a7e15
weights/network_in_parish_30_draw1/seed202/gnn.weights.h5,520776,d93d5555bf38e6e198b09346a46b4e3fbc3e096dcc2b0fd72656e486604ef933
weights/network_in_parish_30_draw1/seed202/gnn_meta.json,4323,ed23bc649da6df6206b4af277e0d05d9fa472ecd1dd7ebd4c2f02f43ad59ff41
weights/network_in_parish_30_draw1/seed202/train_history.json,353,1d36a58a661cb7e94c0fb1f668c77144d655bea4d40d05c06fafd764d7c152b5
weights/network_in_parish_30_draw1/seed303/gnn.weights.h5,520776,9ea85c039eb4ea5238470f756ae41e67a0bfbd97988396825c96976c6da6cb72
weights/network_in_parish_30_draw1/seed303/gnn_meta.json,4325,9dce42427c396958131abfe486653f43778e528e8a284e58d82416706b9105e2
weights/network_in_parish_30_draw1/seed303/train_history.json,488,849bcffb5b6849f53e4b37f082d3ae96294c5b9f24b525beb24b98c4b6e3ac7b
weights/network_in_parish_30_draw2/seed101/gnn.weights.h5,520776,540cb89b5282547f5ffe5f7379e39627c744840e370da4a6195f2a553c29d21f
weights/network_in_parish_30_draw2/seed101/gnn_meta.json,4337,d690d7dcd9f91fc8beafc14f2acec963fb83b3e6834340a5094d15a98e167058
weights/network_in_parish_30_draw2/seed101/train_history.json,327,ea7bc0d5f4e78b82d548859d7750846e095a1cd0818d4d2e556ca8a9ed682c86
weights/network_in_parish_30_draw2/seed202/gnn.weights.h5,520776,1209d6acc6148714954487e07035f1c5bc0417d7d93e8089322ef50413004c09
weights/network_in_parish_30_draw2/seed202/gnn_meta.json,4339,3239d6819cff80fac76ee5b1a9921613a6a76ccdc14d7e48559c194147d56082
weights/network_in_parish_30_draw2/seed202/train_history.json,464,4fe44774f0e249fd05cd46047e85bea3f9467716cd40ab201896bff98b851278
weights/network_in_parish_30_draw2/seed303/gnn.weights.h5,520776,1f928911f0210317764627cd82898562a8ff0a588f65b519aea66420489e6c8e
weights/network_in_parish_30_draw2/seed303/gnn_meta.json,4337,60cb257003ddae4b9e69bfac22ce319468c3f0cf6631485608ed73dbeaf826ee
weights/network_in_parish_30_draw2/seed303/train_history.json,354,b0af0741c70390d805187e851de912e317d67e03873aef0e1998649f99fc5542
weights/network_in_parish_30_draw3/seed101/gnn.weights.h5,520776,2dbbd31f2f438cd7fd04488a6a9f216f47009e2a9bb3efa0bf3bf426d338d0f4
weights/network_in_parish_30_draw3/seed101/gnn_meta.json,4342,7cbaa19e76acd65dc79f85269d7489b7bca2b527715e6aa6b833b6303b572cb8
weights/network_in_parish_30_draw3/seed101/train_history.json,299,1c4713583640bffc73edd9a2eaf3d01232de89cb48dda24dad5eb7f9cc1064a7
weights/network_in_parish_30_draw3/seed202/gnn.weights.h5,520776,898de87a3eb02b15e61951a74e9fcdd9a6442fbbdf7d63605d0fc5b7bda8c956
weights/network_in_parish_30_draw3/seed202/gnn_meta.json,4342,50b5e4081681989c878e391e258d0ad3e863b2ef0774734ec2d5504e95ea4bf5
weights/network_in_parish_30_draw3/seed202/train_history.json,271,cd886ffc705e76d3992043199c6abbd1c7afbae662908078c7b774ed2b527922
weights/network_in_parish_30_draw3/seed303/gnn.weights.h5,520776,1cefa988261045e59eabf6bf4f7a1a9ab349e9cbb05b2a285553d0b01335f9e0
weights/network_in_parish_30_draw3/seed303/gnn_meta.json,4342,47e783a63d72cc0e77ec9a7a7bab33799b9d0442a1b5879a94988303361f2eec
weights/network_in_parish_30_draw3/seed303/train_history.json,380,2d2b857259601269ac59eb86135de2a28f788e4744d91001d6992d25b4f2d61e
weights/network_in_parish_40_draw1/seed101/gnn.weights.h5,520776,d921f2d78a33d59c54de986542da2c5f0659e9da5af9764828f9ff6c9234efd5
weights/network_in_parish_40_draw1/seed101/gnn_meta.json,4963,4baa1768ea628dd774f39a5a06b595bde9d822b0f0bb73ab1b10166015937ddf
weights/network_in_parish_40_draw1/seed101/train_history.json,353,d15269b2d10e041b6a8ade489564f1b8f76e8cac77bf2cfc28fd200c72dd46f7
weights/network_in_parish_40_draw1/seed202/gnn.weights.h5,520776,f4e299b83311086ad70c5486c2014a95598ae70bb572e48e246893111615e668
weights/network_in_parish_40_draw1/seed202/gnn_meta.json,4963,f55ecc21cdf1120c30aabe55d7f554923a9bddf506992b074f37c82e29ddc08b
weights/network_in_parish_40_draw1/seed202/train_history.json,352,d91c62883b7aa1df0dd8322f5052a765384f40ce6210612184304ecfb808e970
weights/network_in_parish_40_draw1/seed303/gnn.weights.h5,520776,51115c8a2fc4e91ad242c63fc1403d64e13c0c304f09e1978b6e3f3b2653071d
weights/network_in_parish_40_draw1/seed303/gnn_meta.json,4965,622d5414ecbf090438e66d03714bb319cf676d55f885e0256ce43a3a27ba8d3b
weights/network_in_parish_40_draw1/seed303/train_history.json,410,f1b325cbc56a3090cf10505f33a4ffe96b6bc8328cbb1c83458d49ef139fce3c
weights/network_in_parish_40_draw2/seed101/gnn.weights.h5,520776,9bff3dce71d8f4e4ff84aa46812cd93b3386d800001dc9a449d720d12009a560
weights/network_in_parish_40_draw2/seed101/gnn_meta.json,4975,7af9ecf0274d66d83062edc49e71cc80028a3813794f1ee711243dfa9813a474
weights/network_in_parish_40_draw2/seed101/train_history.json,437,132f728ca68ac51c16e0a1627076e06d294aa81bae0057c1d51ff0363115af5b
weights/network_in_parish_40_draw2/seed202/gnn.weights.h5,520776,46bce09e9822f15d0f3b77ecdaa25800434d4463c9ea62c975d708b935f80e70
weights/network_in_parish_40_draw2/seed202/gnn_meta.json,4973,4091fefa9d2d8fc7f1243e1fe90076e0bbb5f1954ee8c9a3c09b89746e913d9c
weights/network_in_parish_40_draw2/seed202/train_history.json,353,0f5268a2d2b92b67ab4d8f3d5d81a1fc6ebacc90afaf90d973ed7d6b1ba5f7df
weights/network_in_parish_40_draw2/seed303/gnn.weights.h5,520776,000011b7bdf48047bc0f9a98acdf82a94ae80ba0a936adda5a0cfa4798fe0494
weights/network_in_parish_40_draw2/seed303/gnn_meta.json,4975,3d9c1caefb98e360d1163fd183a2d1d3a31fcdb583c5fa816b11b29dfce22c37
weights/network_in_parish_40_draw2/seed303/train_history.json,548,3840663b97fd96f75f9ccf71f9188a37774f2febaa09584d0905c8bd4d5c4d59
weights/network_in_parish_40_draw3/seed101/gnn.weights.h5,520776,2ab1aab0a20b89f37bf2b913ea04129cbadb64f311ad3a48cdefdebeb4eef2a6
weights/network_in_parish_40_draw3/seed101/gnn_meta.json,4975,b57c440a1871488ca968dc4863b697f5c37d7fae2cb342811d8b4163e5c4f8de
weights/network_in_parish_40_draw3/seed101/train_history.json,379,15e16cc015c46bc3405603448b9abe00805666ad047175d9b14332687fa9d53a
weights/network_in_parish_40_draw3/seed202/gnn.weights.h5,520776,17a8057eba05bba8e4f9c013a5d1ce416cc9be2832192fa14703550ea4a6a560
weights/network_in_parish_40_draw3/seed202/gnn_meta.json,4975,5e066a97c1c0b524edb8d9084b928110ab93bb529e5bd134c9e44cfeae5789d8
weights/network_in_parish_40_draw3/seed202/train_history.json,353,467b9543a2adba20daab12830b515742bcdf64c7bdc1f5792044bd287904c3c0
weights/network_in_parish_40_draw3/seed303/gnn.weights.h5,520776,8385daf685e640dfedb77c900439b4236dd949befc02cd220d538a486b485087
weights/network_in_parish_40_draw3/seed303/gnn_meta.json,4977,29082d8c4f29b26b69c59eeb72c4ad594d48ae11797a24dced0aaf5ae83cd7a2
weights/network_in_parish_40_draw3/seed303/train_history.json,410,931b7b81647f5659e9bd101c6791a214ff4a7e129ad411a440e2d6458984017e
weights/network_in_parish_51/seed101/gnn.weights.h5,520776,f480b9d897431bd097ce97529280c53c8564c27c53ff0bd4dad9bca1967b33fc
weights/network_in_parish_51/seed101/gnn_meta.json,5669,35fdf0a76ca26b44f3b6026c9a406aee1c5873692483c06b99ca01d0fb444ed5
weights/network_in_parish_51/seed101/train_history.json,384,f3659c24c8cf5ff1b42d59aa171b29c62ccbbd0ad80acb7c8a455ec2339d688b
weights/network_in_parish_51/seed202/gnn.weights.h5,520776,0d27823f21997f6b975ca40bf3efe1d0dc2400506a90f10a4ee5a8fa88cef5eb
weights/network_in_parish_51/seed202/gnn_meta.json,5671,e705b5dfc05eab64ceb1f37b34f1d99522af8c4c1be41bbe5f5b14897443a103
weights/network_in_parish_51/seed202/train_history.json,409,c0addc9d70802aed32e713809d7d5380b835b9323bc609323d34ac21613631bd
weights/network_in_parish_51/seed303/gnn.weights.h5,520776,1fc986520dc1f57498d3110895e41e41b916c9dec1626632f76076ffa0681d87
weights/network_in_parish_51/seed303/gnn_meta.json,5669,9d3f314d66396020d2de8e636755b15bc3500df6e4389a7a8a9bfbd399d56932
weights/network_in_parish_51/seed303/train_history.json,353,7d7cc1e1557947774ddb910ffff5fc64419cb24f15a19c0166298cb25c56bdc2
weights/stgnn_dem/seed101/gnn.weights.h5,520776,1074f65955e76a1ee0bf0b7f8187e89015b634b13bf883c9d3b22fb97fec162c
weights/stgnn_dem/seed101/gnn_meta.json,6723,80117904fb4c555a9cfada92c631dc0c786bd64050fd31d66a11541c69b855e7
weights/stgnn_dem/seed101/train_history.json,382,5385401ad64d3ba5084636f1f1eaa7199c8069d353d0ec8476316b83bbff18ae
weights/stgnn_dem/seed202/gnn.weights.h5,520776,736d7e52a766da59ca6db0097f812fe302dd4f005c17528d70169321869ce8e2
weights/stgnn_dem/seed202/gnn_meta.json,6723,7642380cb965128abe79ce142e4ff919caa157d660e893e19d654e7ed1535719
weights/stgnn_dem/seed202/train_history.json,355,8f8fa82ff822ffcb908fe739afe74765a9a4dc934ac56bbff061e73a58543931
weights/stgnn_dem/seed303/gnn.weights.h5,520776,1ee339780a2e8396b450ef7aa2568d562dc328f85102bcdbe8b47c7644b52a40
weights/stgnn_dem/seed303/gnn_meta.json,6723,16bfa67805180b88760ca5549059040b7f8c81abda80b1315dd31ed2a63ea8a0
weights/stgnn_dem/seed303/train_history.json,379,95f3b4f7369c20b21a6a5ffd05206d20b41113b1399676d9d500510e5a79cd32
weights/stgnn_dem_within_basin/seed101/gnn.weights.h5,520776,b394199ace2cb63f7f2537f3ba6138b2a20ce2be1438de077d182de474496cda
weights/stgnn_dem_within_basin/seed101/gnn_meta.json,6743,23480bbffe2e35c2326c7da2a67214fe2c102d3cba98705a8241bfa87e4ff9c8
weights/stgnn_dem_within_basin/seed101/train_history.json,432,cb5e200f384d23f02bbb6fe8b211f9a30c3874f0c3612594918057b77f252b29
weights/stgnn_dem_within_basin/seed202/gnn.weights.h5,520776,7815f8044d18d06ea0b71fcb842e543f1b7a5335dcdf92f66574f9934d772b0a
weights/stgnn_dem_within_basin/seed202/gnn_meta.json,6741,477af636711ed7213240e386737347d1da730e2dc355f664b5196a23705fbaf9
weights/stgnn_dem_within_basin/seed202/train_history.json,352,35fe912d6523d05cdc969719efa24e61246ffb6ed3f0458ea9ac2f6c1bf4d752
weights/stgnn_dem_within_basin/seed303/gnn.weights.h5,520776,c00704a99d89cec80ad61e27e0ec76c7f09e11cb1c663c11f6affa1ebfb510a1
weights/stgnn_dem_within_basin/seed303/gnn_meta.json,6741,314aef21151908f063de4db088ea9dcbbe166d0aabd7e902a87bc2c7cac82c78
weights/stgnn_dem_within_basin/seed303/train_history.json,352,28f69f3b1bc127221ddcbc4575c8bebf16e59a27bdd79facfa4c4a9d248b2e50
weights/stgnn_hecras/seed101/gnn.weights.h5,520776,9a0211f248a0f48ad81f1b1caf31347537c7155b909c92590c75deb7ed15acce
weights/stgnn_hecras/seed101/gnn_meta.json,6734,cfbdfd8975ce12278cab9519f391efd6a7f9394b8350bfb904aa1af11d6ae05f
weights/stgnn_hecras/seed101/train_history.json,407,dfdcf1392308678919073ae21195ff18376eb7a3433885015fe7b02d3f0c2c74
weights/stgnn_hecras/seed202/gnn.weights.h5,520776,5828fdbbf4cba41baf836a1ea75634af2c10570eb91ae711b05eb6424be8d71c
weights/stgnn_hecras/seed202/gnn_meta.json,6734,3bdf9d27f87f31245daf8313eeffb2901c2709b8b0cd15eda26029968f1ee41e
weights/stgnn_hecras/seed202/train_history.json,464,f7026ba9fd2c86f51a2f6c3da6994251f6eb13155b4ca427b4b236518714aa2c
weights/stgnn_hecras/seed303/gnn.weights.h5,520776,51273e464968b7dbc8058c339d98027bc4576cf8c295ae5992541400e1b9094f
weights/stgnn_hecras/seed303/gnn_meta.json,6734,bd9f78dad0002ae04af01abb15addb1bff66cf8c82a4b9c7309e99bcf8207aef
weights/stgnn_hecras/seed303/train_history.json,494,ee532dbc37edb30b1f2ab0b4ca496d4db4344fcb25d98b314df1a606b2bab3b8
weights/stgnn_observation_lead_lag/seed101/gnn.weights.h5,520776,b022a7e2f59a70c622d9cd71d20de3344a60ac02f72e2491b98bee857945fe55
weights/stgnn_observation_lead_lag/seed101/gnn_meta.json,6738,724cbac603701d48a17f9aed2265514a943eff900a0695a62486b53459f8d8e8
weights/stgnn_observation_lead_lag/seed101/train_history.json,377,efc121793b23da8d1d6827513958293e874124be10e7275fa0c749883325993b
weights/stgnn_observation_lead_lag/seed202/gnn.weights.h5,520776,e69a109b8dd477ede9373ee51ac046c31141fffa8388ef484684d2b995eb7f70
weights/stgnn_observation_lead_lag/seed202/gnn_meta.json,6738,84a24a8587815a37a85747d27690df58cea242b75f34743d52453991f12c0d1f
weights/stgnn_observation_lead_lag/seed202/train_history.json,353,342197b524eca39fdaebca1922b65121ab047b899bd92aba32aaf6b42e69bb17
weights/stgnn_observation_lead_lag/seed303/gnn.weights.h5,520776,1d4fdd6af40900bbdb24581b037f8514c2adc6febc6f667391c2695ddfa49367
weights/stgnn_observation_lead_lag/seed303/gnn_meta.json,6738,56f77daf245c96142be17a8fec5659b0f848b6ed955ecb1a5335281a47589a03
weights/stgnn_observation_lead_lag/seed303/train_history.json,377,0ef8d2dd6307ece7c2580416fafccb523f909acfbdd450ee963cc00d7c407891
weights/stgnn_observation_within_basin/seed101/gnn.weights.h5,520776,e8e054a4e2866c89dc5f3ba1d12dcaec591212ea15b44671f42993ca080c201b
weights/stgnn_observation_within_basin/seed101/gnn_meta.json,6765,7c13beb1514a5983950100f3ba8a014e773b94bc2ea8da2a407b009a2fde2595
weights/stgnn_observation_within_basin/seed101/train_history.json,380,1ae0b3904c2bacb25c29e308c6e33291e604a1dfb41a171bfb0094793d3769c0
weights/stgnn_observation_within_basin/seed202/gnn.weights.h5,520776,be164029fc08267a202770b16a6ddceb89f8e4effe2756a185ef585da75b4750
weights/stgnn_observation_within_basin/seed202/gnn_meta.json,6765,24c7ef3afb386b280b7a3306a998c169e13a1fb804a855ad326d651e3461d67f
weights/stgnn_observation_within_basin/seed202/train_history.json,351,17f69097c966229e04e89ed44fd14e556d294dfb1664743e65c376f89b0f4d86
weights/stgnn_observation_within_basin/seed303/gnn.weights.h5,520776,3cb86f59188142349cca9bb4ab4f34d30699f763aacbd10a4f711e904f6d7785
weights/stgnn_observation_within_basin/seed303/gnn_meta.json,6765,4a73f484d57f5177c1e34ef062e8daaa6ff82706a6704e2b37480badf239f24f
weights/stgnn_observation_within_basin/seed303/train_history.json,381,9dfa14da551d8259962a9f60571953b8cd743588df7dbe39d2f0ae42efe74623
