repository_path,component,sha256_as_run
archive/anchor_fix/compare_anchor_test.py,evaluation,fa2f04b1c10e86faf3bafa641b3ecf731b0735f1f239d0fcf855d662d7329014
archive/anchor_fix/compare_outputs_before_after.py,evaluation,65841f5a639a3fc8bf2ed6598f05e92a6e6a6e5b6df62a178a9d07453979d027
archive/anchor_fix/headline_numbers_before_after.py,tables and figures,8e8ce10b79920ec6010f41d4936f76f57ce4f0fe20b4b9690f6f81ab009edaed
archive/anchor_fix/hindcast_before_fix.py,inference and postprocessing,614d4e22af437776fa7dd5cffb7b6d6469a4f715df882a96f0674682a7c72d54
archive/anchor_fix/lstm_inference_before_fix.py,inference and postprocessing,7692b5e1afac37c8a23ac5ef67a62cd857ef6ea267ca0dfe42f06f70282b77ec
archive/anchor_fix/make_driver_fixes.py,evaluation,904d3528042000020e6b81474ec86692122cc4b3a80d6051352479f889dac094
archive/anchor_fix/make_evaluators.py,evaluation,716c1cb4fdefaaf392eb8bf1bb0ddd15ca51a81a17e6e05cc8959695e1e09ea5
archive/anchor_fix/make_experiment.py,evaluation,0dcd11d1c536829f17df8e58b2b124c98bad56b64fa710d44f6c642696879172
archive/anchor_fix/simulated_operational_forecast_before_fix.py,inference and postprocessing,4f75baad4543f298bd7a5f7c9f779cb3f233bfac6eccd3072c9cc198b2865975
archive/anchor_fix/simulated_operational_forecast_before_fix_copy.py,evaluation,111d4955cd0ea4c243f196daa0eb149c43ab2d0a43df698d29b163a994491856
archive/anchor_fix/weather_model_forcing_jan_aug_copy.py,evaluation,781dacb3384bbd84ab80ca364df637f16c8c7ee13b4679b89f625d3c9c090225
archive/figure_script_generation/make_figure_scripts.py,tables and figures,54c19d6b5719ee39e4723d64695420bf5e0f477b145e5255d167d81dd75273e4
archive/figure_script_generation/source_appendix_figures.py,tables and figures,0a4eedde2990db9f0ccb329fb574b1f63f4f8d4f5cf32492a5426104ddc62550
archive/figure_script_generation/source_event_only_labels.py,tables and figures,b6c8562ab592cb8d225d4d82d874cf38f87d1d1090f28dceefd5df4ca0ddac23
archive/figure_script_generation/source_event_only_model_comparison.py,tables and figures,d7acba0a8d25feaaf12e978d2cc6ebdc1b5f2f4e74e22e15b289bb4271378e19
archive/figure_script_generation/source_fig08_hindcast_skill.py,tables and figures,ccf640936f5584958df237de35f8290071ff885e5973f755ce0cf70df8620006
archive/figure_script_generation/source_hindcast_examples.py,tables and figures,571bdbaa184efe6cbcc72f027ebaf68a73fbeb6a0ff5881c4c2b9b403f0c7b65
archive/figure_script_generation/source_model_comparison_labels.py,tables and figures,d062adb8c1d6947b7a61da0d1d0dce1846f13332c153a7765f5aa5c90b480087
archive/figure_script_generation/source_rainfall_crest_gauge_count.py,tables and figures,f1c6d6cf4989881875daa95c62f366f82be1c3de7816a5ade34f96b54d29bab2
archive/figure_script_generation/source_simulated_forecast_examples.py,tables and figures,b0425cf2e2255267e94dd761316d9e10335814c5a94abd2cb2a644013812beba
archive/figure_script_generation/source_simulated_forecast_figures.py,evaluation,c3531aa9348849fbd8d63c1bfa6ea0e6937ce619b9d049e215066040e15f2efa
archive/figure_script_generation/write_simulated_forecast_paragraphs.py,evaluation,e4730e6309b728d2d4ff7067dfb07dba8c9e40a0d383df93751cfd36f90f9da9
archive/model_lineage/lstm_train_nodewise.py,model and training,763934611a5ac998d3794fb4d529b8f816a9f9f852c64d1c647473883e8465ff
archive/model_lineage/stgnn_train_reforecast_2026.py,model and training,dd47a39328d16e9c09adc9140ab4abcbd43aa8530602261374c7ba74950b80f8
archive/run_helpers/run_simulated_forecast_remaining.sh,evaluation,a97e5335b8a6fef83bc1725123f7efcf59735231166c1b0ceb58182c5d2b31af
archive/run_helpers/run_simulated_forecast_stgnn_after_driver.sh,evaluation,31cfb7db8c77780390a4b82443b24a0e275ffe22e0c6fc4cf59708cd17201d6c
archive/run_helpers/summarize_simulated_forecast_when_ready.sh,evaluation,90a243f6da1aa84b95ebfaae278c6c28033fbee3c39755dabb334dc70b9c0c86
archive/run_helpers/summarize_simulated_forecast_when_valid.sh,evaluation,0f2646e52d3247f0a97e2dda1b38fcd2f40fab3aafb2f2d167c8d8a95395073c
archive/run_helpers/wait_for_jobs.sh,evaluation,24f46c65c58b3adc9730856ee862837b75ba60ba004c6fb6ac2206fb671e56cd
config/rain_rise_caps.json,inference and postprocessing,85c14df17fc0b8b109eddfff7dc3e81e6ce8e87e88e0a5d02a241407b864c445
docs/alternative_graphs_protocol.md,model and training,0eb9bae3441972a8ccb34ed5421558db8eae5f0beb472a7cbf0795c505a631ac
docs/training_protocol.md,model and training,fbd3e3563a9ae6e6e756e46f219e05302cf9ab60ff1526393a98ac879298f6e7
docs/training_protocol_lock.json,model and training,4898ae46e5918544392082bef937f447ced1fc5a19c503a8fc467522ce9aec45
src/data/download_and_prepare_matrix.py,data preparation,87879d37bb67e36b3dacba85f6a80383320ab1f273aa49df76e33e836e567279
src/data/gauge_cohort_pre2026.py,data preparation,c3777f5352745074c5330a7200fbb67b612eb6a1d6be345e551dac727d5f4b6a
src/data/in_parish_gauges.json,data preparation,e84e654a15e670c58cdacff1d42f282a57feac976882cceaf0abfdd220bc8b2f
src/data/stage_to_rain_gauge.csv,data preparation,e79296fa5429a92c32fa00e6ab10e4eacaa159e803ce99a2f1044ac41f40d766
src/evaluation/appendix_figure_inputs.py,evaluation,d8f59e7e906540a9b70054a1821e44bea70cee0b77058c15cc3d4605104f64eb
src/evaluation/bootstrap_graph_and_cell_effects.py,evaluation,d51c3c006902f6973c942e5848445eabc19248e389532709f4ad9374405a1ed7
src/evaluation/ensemble_spread_and_rank.py,evaluation,d92ddc1d7ace698deb6cd2217b3ffe774871269874cd8bef92999e3f0e6b6739
src/evaluation/event_definition_overlap.py,evaluation,b38c801957a0e603379ba81a5d449df12d27aafba0d50ad89e23aa396e022a2c
src/evaluation/event_only_crest_error_figure.py,evaluation,f4328268eb7c085b2fce5a16ccbe9380eb2cf7381398c1a7fb03618fbed6b7d5
src/evaluation/event_only_gauge_count_figure.py,evaluation,759b24a595e8ea901e1ccabc1030419ae8ff4666a974351c97536c694998095b
src/evaluation/event_only_rainfall_skill_figure.py,evaluation,a8eaa3f83e96dd6a8bdd195d35a284edc76df477a61c212d0b3ca2780df91bd8
src/evaluation/false_peaks.py,evaluation,e553fa28d20e5891a9401b3e20d43e1054d49b8aeb248f4f28ecc5a4dc985811
src/evaluation/false_peaks_ensemble.py,evaluation,9fbf60315ae95536cf252679de1cf9d079f0517f21ca1edbd61000ce81c2ef10
src/evaluation/figure_inputs.py,evaluation,0c471248d0a401a5d506ae530955372a62b9e165793db88bac1bcb443d6a9614
src/evaluation/gauge_count_figure_inputs.py,evaluation,cddddf310de89a1781abeefcece8b400709a209999b4e25cbd1bfbd87fd8c844
src/evaluation/gauge_network_skill.py,evaluation,0838c43f849a22b4f82a47848a10cc811e0e690185523958e97d8e9c7e98a1ca
src/evaluation/graph_effect_vs_rainfall_quality.py,evaluation,291c297ff66ad9b4595cbd50d987447fc03ac265271f078024b0c520922314dd
src/evaluation/lstm_vs_stgnn_by_forcing.py,evaluation,422b7cb9e57d761684c22df230fa99ec5eb44b9e067c2956ad8135fa6cb8346d
src/evaluation/network_size_effect.py,evaluation,6cc3ffb2c3c8e97b8b8d028137481ab8093cf16180e4279ae2b5469132389f9d
src/evaluation/rainfall_and_crest_figure_inputs.py,evaluation,afd1105bec7c0e0003b752145b6ba4b27b2cc969742b06726795269dc2a3065a
src/evaluation/rainfall_ensembles.py,evaluation,748638688653532c0d22ca6ae28a4c174624611e48eed0b320bcee5c9ab1e47d
src/evaluation/rainfall_forcing_skill.py,evaluation,321c1a2615013fa4c655e0edbb1735c4ae65f4b50ac43af23e3acc6bb17c5298
src/evaluation/run/run_all.sh,evaluation,75eb58886117558bfcdb6abe7ba42cbc6bd9877156a59c48ff2cfe9b17d9478a
src/evaluation/run/run_alternative_graphs.sh,evaluation,c2d4e02bd5955ac9a03971346e583d131469e2f28abb96b75c9703dc2a3810f4
src/evaluation/run/run_gefs_members.sh,evaluation,124a8b0c69a17af857787c147e4cb5afa22c91bd109e8f2d8294e23a448dcb90
src/evaluation/run/run_graph_window_scoring.sh,evaluation,21cc929f62834e290eca6933adb1f9a303e9854c3189219308f51a91d36b189d
src/evaluation/run/run_gru_weather_model_members.sh,evaluation,435f65c69da2a0fbae8b0ef7bb5944ca792ac6a3b6b45d476f8885403c33b3c9
src/evaluation/run/run_hindcast.sh,evaluation,756525bbda6889770a286669e6fbb0ae83969309eb601998fa12fd40f7cb3a98
src/evaluation/run/run_hindcast_gru.sh,evaluation,3882fb17364db19d661b29fbb4350351c6145384006562214021e7bcf1aa49c3
src/evaluation/run/run_hrrr_rain.sh,evaluation,78e2b051270a61f90a009810ab118bf4aab464813d43105447856639da0f0acd
src/evaluation/run/run_lstm_weather_model_members.sh,evaluation,b93c21cfbe76aeb7b1c2d1454f4712e95d7b4016aee0b7f5c7a9597af5f7f94c
src/evaluation/run/run_member_window_scoring.sh,evaluation,7b65e003a62eff1334dad572329a16569b44b3c9b0a2d034101e24479d5ac737
src/evaluation/run/run_network_subsets.sh,evaluation,c37e7dd3734d0cdfc18a9e16da004d2f77779a71dab21fc852e6cd0a9541f3bc
src/evaluation/run/run_network_subsets_hrrr_rain.sh,evaluation,0529cc634d2d77c8df331392f6f857642f944e841935d242eaa7ba1b4c1063a9
src/evaluation/run/run_simulated_forecast.sh,evaluation,9583cc3d6438ef39aad314927e296b27bc62c7703d1a35d0f9305493c8e97526
src/evaluation/run/run_weather_model_members.sh,evaluation,e024a18cd960bf1d8f61522a9e4102eea044932ac42761ddf5fdb3a7890fdbc5
src/evaluation/run/run_window_scoring.sh,evaluation,faffa05ab44c8f6bc672e75e498f118558dd166e3c6a99376c5ccf39c5a25668
src/evaluation/score_fixed_leads.py,evaluation,21dcb86e32306a372050a447fcb9a443b5dac978fd89d3547b6d228028258caf
src/evaluation/score_forecast_windows.py,evaluation,4097cf6a0a9f67aea40e24391dd0247c373d689b9d9bfb103ed824a50cb8c2b2
src/evaluation/section42_network_numbers.py,evaluation,ebd6e99da6868e83949ac866fee62d358830be1398ca355762ae2743c3d11b15
src/evaluation/skill_by_rise_size.py,evaluation,ebaeb125ed12715d8af9971c6a9a1f041486d766864c6f8ca92051208680c5d2
src/evaluation/structure_and_stage_inventory.py,evaluation,1e3f3191f17578f2002781b022b8d3b9e4e15fcce6eedd47b2d89049111b18ed
src/evaluation/summarize_hrrr_rain_runs.py,evaluation,a7a53997384596c0312b898c9e0882daa9927d83a1e2bb4aa21e6fb80d527db4
src/evaluation/summarize_simulated_forecast.py,evaluation,9fdbf6d8092132042d88c78b8025f433d325e0e7e74dd37e6ed93654f4a8807f
src/evaluation/summary_figures.py,evaluation,ff99e490f7e3fffabe5565cdd4f118ff9c656d463dbb204dc195e084f2e4aad6
src/figures/_card.py,method figures,ba995aa9c8898784db60bc65ee3bd5afad561368ddbe419dee8103297cba1195
src/figures/_mapbase.py,method figures,92b9d64777765ee7bdc4924efb939fe76392285edc27af5a4b50f6cfc2b9cbe6
src/figures/_spatialmap.py,tables and figures,b35b40bd5b0cd40a1e1e54679170fdea39a3573aa3a0c6538c199ba8feb4e8db
src/figures/_units.py,method figures,c3e0f30abc7030e716c06a52ef0f33be14ae78afa4ed8685d4e1e2323ffd33fc
src/figures/fig01_fetch_map_layers.py,method figures,72ec8fcd2543794c070fa07eb5d30ec8414588d25f8e4b8b58b8ff8771f5144c
src/figures/fig01_study_area.py,method figures,725923cc55e535fcf62d1ae39ff481f813f525aaf7f88150fcf9180306ad42dd
src/figures/fig02_operational_lifecycle.py,method figures,1eeb6b07c2eec8fe94b02aae68bbce172e3e0422c1af4c9f29a17286c322f7f3
src/figures/fig03_candidate_graphs.py,method figures,2c1ffacab82964c8b17ee3a5507060f0ba1dfb16e571950c3333d5ff2c6ab2a3
src/figures/fig04_workflow.py,method figures,0363ed51978fff48a837811177395345a844dd032cfc97fa6d84206809f20814
src/figures/fig05_lstm_step.py,method figures,ed958baaa65fe56356a792dd3f6c488c3ec03823ff3f323701a0c85c50ca2d96
src/figures/fig07_selected_graph.py,method figures,5f604cc14b723ffc8aeb67f24ed180220db39e5880e7e7fb72a10567c05ad6a3
src/figures/fig08_hindcast_skill.py,tables and figures,6b6788b6cde5e3397ed6ed032c8aaf7f56f200240117a1cf9c89a07acda54c3f
src/figures/fig09_hindcast_examples.py,tables and figures,0d4e773f35bd90d3128517b2e2a259ecb0767e11eb793fe55f965ae538b9fc7d
src/figures/fig10_longitude_latitude_ticks.py,tables and figures,5f6cdbb6374303ef390635444b23f86107da757a3df19465737d04080df667de
src/figures/fig10_simulated_forecast_skill.py,tables and figures,4c05a9014e1655f872c4156bbef46d49a4d8dfcf5073e889ea49a441341ae02d
src/figures/fig12_simulated_forecast_examples.py,tables and figures,2865bca7b5e39d77f689a0d38fea9b22d25fcce30e21340ef6c2b00b45ae4cb0
src/figures/fig13_fig14_fig16_rainfall_crest_gauge_count.py,tables and figures,43d6360dfc5b1ec136136b56362015acaf75748433e6bc5915f6bad97ce6e749
src/figures/fig15_gauge_networks.py,tables and figures,b5cb943c06b5f2da44247579fd53bb49202a9a9ef3c5c0a4a4c9f1f1be2087f6
src/figures/figA1_terrain_and_mesh.py,method figures,a6d3477ae428670ec8b446c16299fed5908c5648512a82e52d6f3d6211d2831e
src/figures/figB1_B2_C1_appendix.py,tables and figures,0765cdc1d53325b4910251b994133961a5d8e1b73ee71c82f9096f02740f38bd
src/figures/recipe_connectivity.py,method figures,ee0e2d86c29c85f91edadbca9bc9fe4616137f03fb742326312cb753c7b2ee56
src/figures/recipe_contact_sheets.py,tables and figures,9802fe040b6f73a940bbc385f833034e9dc5a173560bdf4c241ab1ad44cfa62a
src/figures/recipe_contact_sheets_all_gauges.py,tables and figures,16b63a80828645a7d3f68678d1c2c1dda11fa6f54d03da97325c999cf6841c16
src/figures/recipe_ensemble_crest_error.py,evaluation,4da9bf92b198c184137c7deedaf80d0b65d73415cec82ae640fc51360ce1dd40
src/figures/recipe_ensemble_rainfall_skill.py,evaluation,5dab54f2306c3c4099e414e8a0b1b703f824cf0aa9668780a0e270b524362235
src/figures/recipe_graph_figure_and_table.py,tables and figures,f5eb5cb5e0307f6a75b6d0742a7b14b7fe3f282d222c89c95887c94bbbfc6d0c
src/figures/recipe_graph_map.py,method figures,37fb2434d236c152ffc03cf33d557a8e35c9bfa9cee7a8c9845c187e3eae4a8f
src/figures/recipe_graph_map_base.py,method figures,dcf39dfc3cd28c5035fa164080203779bf2c0ae5ad798f6fe559232b9398b4a4
src/figures/recipe_rainfall_skill_and_crest.py,evaluation,72145523463d4dc953825838e50a8bbc1319f80edd9f2680c43e5a5922c901e5
src/figures/recipe_revised_paper_figures.py,tables and figures,2debc6c1915cf3e25c0212e32eda15cd35ce4b137f2cee7a4364b5d7f284f886
src/figures/recipe_spatial_difference.py,tables and figures,7daa5b2ab2497f605399de673bea098dc385eed325a57214c12650ccac37b530
src/figures/recipe_spatial_skill.py,tables and figures,15bdfff073442885f7a572f760add12a63db2c7eff7fe81852737a67604dca8f
src/figures/recipe_spatial_skill_map.py,tables and figures,e9caed8f73a9e545dbde589299bfe000e7f7ae16f2c3e1effb4d109b8e114553
src/figures/recipe_training_inference_cycle.py,method figures,12529be47b8e9ef7e1a0981de7ed43f66dc8c97dd9690546638ceeda36c9ff7a
src/figures/recipe_workflow.py,method figures,88a55b572ec11337ac10299df3e6d1f84a1e4eda563501fd31017176340ba1b6
src/figures/recipe_workflow_base.py,method figures,750a14d3dc19069c784570a343e994f8338c1c0ee0039ed867d009c6aacab409
src/figures/run_all_figures.sh,tables and figures,57ba897f26f453d2ae6afc5c015f6ae429ee0f6505c32242cf1871e852465509
src/figures/simulated_forecast_model_comparison_labels.py,tables and figures,6426d05494b2b73d6a5042d55c5fbef5d371376de3d602225c95724494e6035f
src/forcing/gefs_fetch.py,rainfall forcing,8f34beea847daba76fa2369e7ee7401aea4fab3dd3c492d2bc22ae22abaf5183
src/forcing/gefs_probability_matched_mean.py,rainfall forcing,05d0cd7499e9f87bd7d4b73b2a3c40d7b1b09d97e4b95596d9cea09213a8aa34
src/forcing/hrrr_fetch_points.py,rainfall forcing,cc0bda458736647302d7e48988d6cc503c89096485412de0256ab7040b408a88
src/forcing/hrrr_issue_time_forcing.py,rainfall forcing,5f49ca257b0d6dc98ff366eb382b3f53c152a39b75123fc1413002b29e159950
src/forcing/weather_model_fetch.py,rainfall forcing,8ff61d3741e568eba0ec3a7ca7bfd1447ec775cdd8fda4760b625072074eec07
src/forcing/weather_model_forcing_jan_aug.py,rainfall forcing,781dacb3384bbd84ab80ca364df637f16c8c7ee13b4679b89f625d3c9c090225
src/forcing/weather_model_issue_layout.py,rainfall forcing,cabc93b1e934e261d84ea26137cbf4cf8794975ed4eb64fc79b068cd039ed867
src/graphs/alternative_graph_manifest.json,graph construction,777dcb8f1dee7c7d84aec316c52dce1f48495e449673eadb5705e9e049c5ce32
src/graphs/dem_graph.py,graph construction,0bcf348eb50329196f874a6d1db829f857d27bebb7a0e65b4f891e261a8ecde1
src/graphs/dem_within_basin_graph.py,graph construction,010ca816f8b45329bc9ea05b63c04048dcfa36213b82c52a917eb19f2ae0afb8
src/graphs/freeze_alternative_graphs.py,graph construction,b104e47f310937b50d56fca422b46ac0658bebd01c1bf5fdd018478c48a60783
src/graphs/freeze_graph_assets.py,graph construction,00e2db537f7a25844a8e7513fc08f98c845c3c2733dff14fb3b740c486ffa403
src/graphs/graph_asset_manifest.json,graph construction,c66a07b83eeab41a3a946d48db913cbf937a6fde2f40f6c02aa47a8c137a025c
src/graphs/hecras_graph.py,graph construction,56977f1f208bba949dcee34a1b40f717b0b9001d64ee9863592affbc52b28d5e
src/graphs/identity_graph.py,evaluation,32edfadc35073e8c491ae55609e9705cb29c26bfe9706e32173de9212e586b89
src/graphs/network_subset_graph_manifest.json,model and training,02dbafda6dce523bb1be54b89376cb23f658acad540a4f2c614b94d3e4392ddd
src/graphs/network_subset_graphs.py,model and training,2a7de9977a38cf71606e0c60f7513217d3f8130a71cf275fc4ec026806d9153b
src/graphs/observation_graph_2023_2024.py,graph construction,1a5288da9ec79301d68c82c63c77f520097f15be7925d9374bff5abdb97d9697
src/graphs/observation_graphs_pre2026.py,graph construction,68df4c82a4c1873fdcc94c0f8a1e660b148dd59d81774f3d5e715f07c28c2e5e
src/lstm/inference.py,inference and postprocessing,3d19d38b004251b23a8042b930902a2e13ca498f9623dbe68d29b2384e84ed2f
src/lstm/lstm_models.py,model and training,71e45754e5dd80df8aac2c3db6536cd7c40a542ca8ed9bec8d412e696a376995
src/lstm/slurm/train.sh,model and training,7f20821fded714143b2418f0f680f3d30fa54596baef307bf88968282ab5848f
src/stgnn/hindcast.py,inference and postprocessing,bc11879685b6fcd78397b23fd1b5e6b89f6167e0d885006e81d159d2f5e38dca
src/stgnn/simulated_operational_forecast.py,inference and postprocessing,8e8370076eb1a08f796e4318a99bf9be96cd72a52960629fd9023b0ba2bb7194
src/stgnn/slurm/train_alternative_graphs_epoch_selection.sh,model and training,be51b5df24b1727b47a901e336ad2d4a2a19cd5a8ebbc852c2ff5db7734ffbde
src/stgnn/slurm/train_alternative_graphs_final.sh,model and training,1c8e1934e9bfecf9002bfb73aed796841c32a8231273bffef60ef963872c105b
src/stgnn/slurm/train_epoch_selection.sh,model and training,e5d5c47a9c2f2954641b74c24fa5e56c75696e53162ad901df823c70e70386b3
src/stgnn/slurm/train_final.sh,model and training,79f94f0ff045d546349ad2bdc70c9073aba94483c10e6aec2cbb00889f42edc4
src/stgnn/slurm/train_network_subsets_epoch_selection.sh,model and training,8ca538dae62731b53ce4a5f497682d6457705ea90250102aef20c1bd4303c467
src/stgnn/slurm/train_network_subsets_final.sh,model and training,a3335e70fc70d821a0d7142bc4fdb45773207b977b4345f768ae6e03ce6fd1eb
src/stgnn/stgnn_models.py,model and training,71e45754e5dd80df8aac2c3db6536cd7c40a542ca8ed9bec8d412e696a376995
src/stgnn/train.py,model and training,7ec11e6840ed3db091f1b6b265975cf49bf409d8db9dfaf34ba80157bdcd917e
src/stgnn/train_network_subsets.py,model and training,e5ce4dc74ae98b69e1e6cb15e3c67ab3184e78efd63486c5c6fead0d7a46ca54
src/stgnn/validate_alternative_graphs.py,model and training,f5b099f885f13aeee6ea45b2b23a0122768bb05a174e115111f993d363624bac
src/stgnn/validate_training.py,model and training,aa8684c57a5594c4b1e5b96e666ce9075f8a4e3a8fe01060402d45a1836776bc
src/tables/figure8_text_numbers.py,tables and figures,877dfe1c7c68c62851fee19105f010edc801c9626e5ee76cd982856e7d00d5a5
src/tables/hindcast_seed_numbers.py,tables and figures,13fe8cf8007d817f47d8809cf9857f5838e5693d5ab1f947d9a5a133b49494b9
src/tables/section41_rainfall_numbers.py,tables and figures,afbbac40210549a1891dbb9606bd09fcf0b9d7e3de08347dc818abc7ae2a91ed
src/tables/table4_hindcast.py,tables and figures,576e98799e5cf56dd6e912c2a50ae438e081166958998caf051e382cdb3ccf9d
src/tables/tables_A1_B1_B2.py,tables and figures,23a4242dc1424faf97bdcc90dcc9f8ef39d7b96f22705ae0a15e01e7daf9e4b3
src/figures/fig11_event_only_model_comparison.py,chronological LSTM reevaluation correction,6f5bcc26a25baded7a98fac00d08f2dd7ec68f2707f4b3c7d49ff82b4db2b444
src/figures/fig11_event_only_labels.py,chronological LSTM reevaluation correction,3aea73dc908bc100fb652d138b1277b7abc0d6cdd8f53141821e3df9588b1887
src/figures/figC2_C3_event_hydrographs.py,chronological LSTM reevaluation correction,3764e6f46e02b2c1051413098ff6fe4712b9cdd93d9331a126a1caf211c10e63
src/evaluation/evaluate_chronological_lstm.py,chronological LSTM reevaluation correction,6957a78f83d9f0d3c3b543b126209d0e748c1c2254fc38530d91dc08f04129bc
src/lstm/train.py,corrected release entry point,168bc71caab9fbd2fdbf531a5315d2531383f4cdd13251b4b18c347f6996dd39
src/evaluation/reproduce_paper_bootstrap.py,corrected release entry point,83bb3b4616af2471cd1083e2d8565c1854e3fed4576e727400d275bb7441a0cf
