file,line_in_file_as_run,placeholder
src/stgnn/stgnn_models.py,1,<SERVER>
src/stgnn/slurm/train_epoch_selection.sh,9,<HPC_ALLOCATION>
src/stgnn/slurm/train_final.sh,9,<HPC_ALLOCATION>
src/stgnn/slurm/train_alternative_graphs_epoch_selection.sh,9,<HPC_ALLOCATION>
src/stgnn/slurm/train_alternative_graphs_final.sh,9,<HPC_ALLOCATION>
src/lstm/lstm_models.py,1,<SERVER>
src/lstm/slurm/train.sh,9,<HPC_ALLOCATION>
src/stgnn/stgnn_models.py,1,<SERVER>
src/stgnn/slurm/train_network_subsets_epoch_selection.sh,9,<HPC_ALLOCATION>
src/stgnn/slurm/train_network_subsets_final.sh,9,<HPC_ALLOCATION>
src/stgnn/hindcast.py,10,<SERVER>
src/stgnn/simulated_operational_forecast.py,10,<SERVER>
src/lstm/inference.py,10,<SERVER>
src/forcing/hrrr_fetch_points.py,32,<SERVER>
src/forcing/weather_model_issue_layout.py,19,<SERVER>
src/forcing/weather_model_fetch.py,18,<SERVER>
archive/anchor_fix/simulated_operational_forecast_before_fix_copy.py,8,<SERVER>
archive/model_lineage/stgnn_train_reforecast_2026.py,1,<SERVER>
archive/model_lineage/stgnn_train_reforecast_2026.py,11,<SERVER>
archive/model_lineage/stgnn_train_reforecast_2026.py,12,<SERVER>
archive/anchor_fix/hindcast_before_fix.py,8,<SERVER>
archive/anchor_fix/simulated_operational_forecast_before_fix.py,8,<SERVER>
archive/anchor_fix/lstm_inference_before_fix.py,8,<SERVER>
