station,latitude,longitude
BCPD4501,30.18982685,-90.78704437
BCPD4502,30.18982685,-90.78704437
BCPD4503,30.18982685,-90.78704437
BCRA1299,30.19857101,-90.92025409
BCRA2400,30.19720828,-90.88658803
BCRA6146,30.15483835,-90.70788572
BCRU0001,30.03013889,-90.03416667
BCRU0003,29.9932722,-90.2590275
BCRU4350,30.17077864,-90.9187206
BCRU4420,30.1732786,-90.861219
BCSA1299,30.19857101,-90.92025409
BCSA2400,30.19720828,-90.88658803
BCSA4409,30.17488173,-90.87128322
BCSA4419,30.18912582,-90.78247457
BCSA6146,30.15483835,-90.70788572
BCSU0001,30.03013889,-90.03416667
BCSU0002,30.0266667,-90.1133333
BCSU0005,30.19963889,-90.12275
BCSU4350,30.17077864,-90.9187206
BCSU4419,30.1732786,-90.861219
BCSU4420,30.1732786,-90.861219
BCWU0001,30.03013889,-90.03416667
BCWU0002,30.0266667,-90.1133333
BCWU0003,29.9932722,-90.2590275
BCWU0005,30.171,-90.94
BCWU0006,30.049,-90.029
BMRA0347,30.34230453,-90.99287383
BMRA1292,30.32375113,-91.01750926
BMRA3548,30.30582837,-90.95888699
BMRU0004,30.5329167,-91.1498889
BMRU0005,30.35519288,-91.0151022
BMRU0006,30.38685874,-91.0073244
BMRU0008,30.464079,-90.99038
BMRU0009,30.512689,-91.0737158
BMRU0581,30.3368601,-90.9689897
BMRU2210,30.32138889,-91.0209444
BMRU2620,30.32055556,-90.9541667
BMSA0347,30.34230453,-90.99287383
BMSA1291,30.32314671,-91.01813352
BMSA1292,30.32375113,-91.01750926
BMSA2200,30.32319166,-91.01808229
BMSA2201,30.32319166,-91.01808229
BMSA3548,30.30582837,-90.95888699
BMST1292,30.32375113,-91.01750926
BMST1293,30.32375113,-91.01750926
BMST2109,30.32319166,-91.01808229
BMSU0005,30.35519288,-91.0151022
BMSU0006,30.38685874,-91.0073244
BMSU0007,30.44566667,-91.1915556
BMSU0008,30.464079,-90.99038
BMSU0009,30.512689,-91.0737158
BMSU0011,30.5349106,-90.9806579
BMSU0012,30.35852615,-91.1081603
BMSU0013,30.38241445,-91.0942712
BMSU0014,30.41796914,-91.0914935
BMSU0015,30.4049139,-91.1034382
BMSU0581,30.3368601,-90.9689897
BMSU0853,30.34047129,-90.9173216
BMSU2119,30.32125,-91.0207222
BMSU2210,30.32138889,-91.0209444
BMSU2211,30.323527,-91.0181576
BMSU2620,30.32055556,-90.9541667
BMWU0004,30.5329167,-91.1498889
HBPD1374,30.31872988,-90.85979992
HBPD1384,30.31872988,-90.85979992
HBRA1384,30.31767584,-90.85969634
HBRA2096,30.30027901,-90.92165108
HBRU0001,30.3326939,-90.8520419
HBRU0398,30.3326939,-90.8520419
HBRU3213,30.2974416,-90.8837198
HBRU4751,30.2754733,-90.7792616
HBSA1384,30.31767584,-90.85969634
HBSA2096,30.30027901,-90.92165108
HBSU0001,30.3326939,-90.8520419
HBSU0398,30.3326939,-90.8520419
HBSU1384,30.31825,-90.8598611
HBSU1385,30.31825,-90.8598611
HBSU3213,30.2974416,-90.8837198
HBSU4751,30.2754733,-90.7792616
HBSU6714,30.30769444,-90.6087222
MBPD9909,30.18909282,-90.78793138
MBPD9919,30.18909282,-90.78793138
MBPD9929,30.18909282,-90.78793138
MBPD9939,30.18909282,-90.78793138
MBPD9949,30.18909282,-90.78793138
MBPD9959,30.18909282,-90.78793138
MBPD9969,30.18909282,-90.78793138
MBRA3301,30.27902075,-90.97138739
MBRA4314,30.26205752,-90.96329673
MBRA4413,30.26219002,-90.93989808
MBRA4569,30.25476101,-90.89630408
MBRA5275,30.23854102,-90.98929409
MBRA5715,30.24697543,-90.85215386
MBRA5881,30.23707875,-90.83515233
MBRA6410,30.2326223,-90.9469152
MBRA6512,30.23220133,-90.91392164
MBRA6561,30.22480049,-90.91722192
MBRA7806,30.21869726,-90.82111059
MBRA8344,30.198889,-90.963889
MBRA8949,30.18909312,-90.78793089
MBRU3561,30.26944444,-90.9169444
MBRU4314,30.2621648,-90.9634442
MBRU5688,30.23741844,-90.8700972
MBRU6557,30.2274186,-90.8995425
MBRU8999,30.18936433,-90.7862055
MBSA3301,30.27902075,-90.97138739
MBSA4314,30.26205752,-90.96329673
MBSA4413,30.26219002,-90.93989808
MBSA4569,30.25476101,-90.89630408
MBSA5275,30.23854102,-90.98929409
MBSA5584,30.23693831,-90.90877152
MBSA5585,30.23696397,-90.90866558
MBSA5715,30.24697543,-90.85215386
MBSA5881,30.23707875,-90.83515233
MBSA6410,30.2326223,-90.9469152
MBSA6512,30.23220133,-90.91392164
MBSA6561,30.22480049,-90.91722192
MBSA7806,30.21869726,-90.82111059
MBSA8344,30.198889,-90.963889
MBSA9909,30.18909312,-90.78793089
MBSA9919,30.18909312,-90.78793089
MBST9908,30.18909282,-90.78793138
MBST9909,30.18909282,-90.78793138
MBST9918,30.18909282,-90.78793138
MBST9919,30.18909282,-90.78793138
MBST9928,30.18909282,-90.78793138
MBST9929,30.18909282,-90.78793138
MBST9938,30.18909282,-90.78793138
MBST9939,30.18909282,-90.78793138
MBST9948,30.18909282,-90.78793138
MBST9949,30.18909282,-90.78793138
MBSU0001,30.30769444,-90.6087222
MBSU0002,30.28356667,-90.3978389
MBSU0003,30.22333333,-90.64
MBSU3561,30.26944444,-90.9169444
MBSU4314,30.2621648,-90.9634442
MBSU5688,30.23741844,-90.8700972
MBSU6557,30.2274186,-90.8995425
MBSU8999,30.18936433,-90.7862055
MBSU9000,30.18936433,-90.7862055
MBSU9909,30.18925,-90.7812778
MBWS5594,30.23693831,-90.90877152
MBWS6504,30.23693831,-90.90877152
