model,seed,condition,weights_sha256,selected_epochs,training_matrix_sha256,forecast_origins,decoder_steps,rain6_steps,rain24_steps
lstm,101,observed_jan_aug,d660fd71b1aba4ef7a48951817100d3370b22c194ceddb29a925dd04b618186c,19,a5cd62a788596fee0bba84447c30304a300f2b3ddeb900568d7cdd726d5fa3b9,5832,96,6,24
lstm,101,hrrr_jan_aug,d660fd71b1aba4ef7a48951817100d3370b22c194ceddb29a925dd04b618186c,19,a5cd62a788596fee0bba84447c30304a300f2b3ddeb900568d7cdd726d5fa3b9,5832,96,6,24
lstm,101,hrrr_jan_aug_postproc,d660fd71b1aba4ef7a48951817100d3370b22c194ceddb29a925dd04b618186c,19,a5cd62a788596fee0bba84447c30304a300f2b3ddeb900568d7cdd726d5fa3b9,5832,96,6,24
lstm,202,observed_jan_aug,92ba1d9f73d522e7f1e735fa3a5103d2b0945d5c11777641a9cab9c713bd5ff9,12,a5cd62a788596fee0bba84447c30304a300f2b3ddeb900568d7cdd726d5fa3b9,5832,96,6,24
lstm,202,hrrr_jan_aug,92ba1d9f73d522e7f1e735fa3a5103d2b0945d5c11777641a9cab9c713bd5ff9,12,a5cd62a788596fee0bba84447c30304a300f2b3ddeb900568d7cdd726d5fa3b9,5832,96,6,24
lstm,202,hrrr_jan_aug_postproc,92ba1d9f73d522e7f1e735fa3a5103d2b0945d5c11777641a9cab9c713bd5ff9,12,a5cd62a788596fee0bba84447c30304a300f2b3ddeb900568d7cdd726d5fa3b9,5832,96,6,24
lstm,303,observed_jan_aug,5125f2251146c73c959a2b6ce91cbcbb3951cd87c113ce5d2821fa79d1954400,21,a5cd62a788596fee0bba84447c30304a300f2b3ddeb900568d7cdd726d5fa3b9,5832,96,6,24
lstm,303,hrrr_jan_aug,5125f2251146c73c959a2b6ce91cbcbb3951cd87c113ce5d2821fa79d1954400,21,a5cd62a788596fee0bba84447c30304a300f2b3ddeb900568d7cdd726d5fa3b9,5832,96,6,24
lstm,303,hrrr_jan_aug_postproc,5125f2251146c73c959a2b6ce91cbcbb3951cd87c113ce5d2821fa79d1954400,21,a5cd62a788596fee0bba84447c30304a300f2b3ddeb900568d7cdd726d5fa3b9,5832,96,6,24
