model,seed,weights_sha256
gru_identity_graph,101,936f6dedcc95e5849a8356bdcde74097b2513facc3a48ef802c629b0a0bcda99
gru_identity_graph,202,6dea7e60c46927f4fdfa618c552348cc4f90aa51eb320ddd45756bbf6c818fb7
gru_identity_graph,303,f5a9aa1608914cf4ede29cc52bb857de94a44f5cf0da039d22b755dd9ae5815b
lstm,101,d660fd71b1aba4ef7a48951817100d3370b22c194ceddb29a925dd04b618186c
lstm,202,92ba1d9f73d522e7f1e735fa3a5103d2b0945d5c11777641a9cab9c713bd5ff9
lstm,303,5125f2251146c73c959a2b6ce91cbcbb3951cd87c113ce5d2821fa79d1954400
network_in_parish_10_draw1,101,bdd34def14a6e815de3bbda3395873dc1e117dbf9e71f97cba30380472130879
network_in_parish_10_draw1,202,53cd67eb7905e9b66cb4252fcdcf7ad6d471052494c380442a616554ad6eb4c9
network_in_parish_10_draw1,303,eb0ef576bb54ecb93589dbb7b2d6d9971e5c70dc11486114f11e0a72e51ab8bb
network_in_parish_10_draw2,101,8d4a73a50aeecdeda1e1ea68b574fd9296d6b09e3cfc8720a965566d4f64593b
network_in_parish_10_draw2,202,0161ada11cae1f60126f52dc0723e9e61f37c35aa635294439dbcc35b7c459a3
network_in_parish_10_draw2,303,638924380b0577a6705e64c7197f16ce83664ac9a8cf344318f72342df5b3936
network_in_parish_10_draw3,101,017bf49ceb4a5259e05bf02f3ae8db4fbcd57e83a67c4617e312e8dd1ac12f62
network_in_parish_10_draw3,202,fef1bd9dfda53a597dff02e2636c3b49483b3b09d1ebfc2e39211687d3c84b9a
network_in_parish_10_draw3,303,72e5fe1a3af68736f81c71435c33c4b711cd1bde23c4b4609f20226583dd0cb6
network_in_parish_20_draw1,101,5867caf8033aee815a252846149c6a3afd02db429e7bde5f7a4f2a66f784d2c5
network_in_parish_20_draw1,202,ca19160977a5f9cc97e2407e24388c59026f234c6cdbfb3989bcaa1dbd8411d3
network_in_parish_20_draw1,303,43cddc2f34ca57d6d392de6110e473614cfbfcc7267758c3a41cb70d7bc4bcd0
network_in_parish_20_draw2,101,a0c30e0222cf9cea2d93b41ee8eb299530b5ee31eacb492a793dd81c6e68f1b1
network_in_parish_20_draw2,202,196f7eb44dad947b259afbf66fa7d9d7d8df77978b56f138433956890db5a6b3
network_in_parish_20_draw2,303,9a8075a98fcaa1ef7b95aff106dab0e165b1ffe136c8a00fe7c102368c466e05
network_in_parish_20_draw3,101,0477cfef8f2e47e0f041692a7733470019f461589fbc6f4693af810ad77c691c
network_in_parish_20_draw3,202,85c1aa9b8b3000fe6ff53fb4775df66fc1991ff30c84158a87e4ceea45850ee9
network_in_parish_20_draw3,303,66354b6de5f7ff506c2db3e8f1028634c9cf8a6683fb179b2d8f1b44cf19b841
network_in_parish_30_draw1,101,4a3d0d491434a070a21e6d10cf5d6309e0f9daa33aac9fa0bde67ad380f2460c
network_in_parish_30_draw1,202,d93d5555bf38e6e198b09346a46b4e3fbc3e096dcc2b0fd72656e486604ef933
network_in_parish_30_draw1,303,9ea85c039eb4ea5238470f756ae41e67a0bfbd97988396825c96976c6da6cb72
network_in_parish_30_draw2,101,540cb89b5282547f5ffe5f7379e39627c744840e370da4a6195f2a553c29d21f
network_in_parish_30_draw2,202,1209d6acc6148714954487e07035f1c5bc0417d7d93e8089322ef50413004c09
network_in_parish_30_draw2,303,1f928911f0210317764627cd82898562a8ff0a588f65b519aea66420489e6c8e
network_in_parish_30_draw3,101,2dbbd31f2f438cd7fd04488a6a9f216f47009e2a9bb3efa0bf3bf426d338d0f4
network_in_parish_30_draw3,202,898de87a3eb02b15e61951a74e9fcdd9a6442fbbdf7d63605d0fc5b7bda8c956
network_in_parish_30_draw3,303,1cefa988261045e59eabf6bf4f7a1a9ab349e9cbb05b2a285553d0b01335f9e0
network_in_parish_40_draw1,101,d921f2d78a33d59c54de986542da2c5f0659e9da5af9764828f9ff6c9234efd5
network_in_parish_40_draw1,202,f4e299b83311086ad70c5486c2014a95598ae70bb572e48e246893111615e668
network_in_parish_40_draw1,303,51115c8a2fc4e91ad242c63fc1403d64e13c0c304f09e1978b6e3f3b2653071d
network_in_parish_40_draw2,101,9bff3dce71d8f4e4ff84aa46812cd93b3386d800001dc9a449d720d12009a560
network_in_parish_40_draw2,202,46bce09e9822f15d0f3b77ecdaa25800434d4463c9ea62c975d708b935f80e70
network_in_parish_40_draw2,303,000011b7bdf48047bc0f9a98acdf82a94ae80ba0a936adda5a0cfa4798fe0494
network_in_parish_40_draw3,101,2ab1aab0a20b89f37bf2b913ea04129cbadb64f311ad3a48cdefdebeb4eef2a6
network_in_parish_40_draw3,202,17a8057eba05bba8e4f9c013a5d1ce416cc9be2832192fa14703550ea4a6a560
network_in_parish_40_draw3,303,8385daf685e640dfedb77c900439b4236dd949befc02cd220d538a486b485087
network_in_parish_51,101,f480b9d897431bd097ce97529280c53c8564c27c53ff0bd4dad9bca1967b33fc
network_in_parish_51,202,0d27823f21997f6b975ca40bf3efe1d0dc2400506a90f10a4ee5a8fa88cef5eb
network_in_parish_51,303,1fc986520dc1f57498d3110895e41e41b916c9dec1626632f76076ffa0681d87
stgnn_dem,101,1074f65955e76a1ee0bf0b7f8187e89015b634b13bf883c9d3b22fb97fec162c
stgnn_dem,202,736d7e52a766da59ca6db0097f812fe302dd4f005c17528d70169321869ce8e2
stgnn_dem,303,1ee339780a2e8396b450ef7aa2568d562dc328f85102bcdbe8b47c7644b52a40
stgnn_dem_within_basin,101,b394199ace2cb63f7f2537f3ba6138b2a20ce2be1438de077d182de474496cda
stgnn_dem_within_basin,202,7815f8044d18d06ea0b71fcb842e543f1b7a5335dcdf92f66574f9934d772b0a
stgnn_dem_within_basin,303,c00704a99d89cec80ad61e27e0ec76c7f09e11cb1c663c11f6affa1ebfb510a1
stgnn_hecras,101,9a0211f248a0f48ad81f1b1caf31347537c7155b909c92590c75deb7ed15acce
stgnn_hecras,202,5828fdbbf4cba41baf836a1ea75634af2c10570eb91ae711b05eb6424be8d71c
stgnn_hecras,303,51273e464968b7dbc8058c339d98027bc4576cf8c295ae5992541400e1b9094f
stgnn_observation_lead_lag,101,b022a7e2f59a70c622d9cd71d20de3344a60ac02f72e2491b98bee857945fe55
stgnn_observation_lead_lag,202,e69a109b8dd477ede9373ee51ac046c31141fffa8388ef484684d2b995eb7f70
stgnn_observation_lead_lag,303,1d4fdd6af40900bbdb24581b037f8514c2adc6febc6f667391c2695ddfa49367
stgnn_observation_within_basin,101,e8e054a4e2866c89dc5f3ba1d12dcaec591212ea15b44671f42993ca080c201b
stgnn_observation_within_basin,202,be164029fc08267a202770b16a6ddceb89f8e4effe2756a185ef585da75b4750
stgnn_observation_within_basin,303,3cb86f59188142349cca9bb4ab4f34d30699f763aacbd10a4f711e904f6d7785
