stage,nearest_rain
BCSA1299,BCRA1299
BCSA2400,BCRA2400
BCSA4409,BCRU4420
BCSA4419,MBRU8999
BCSA6146,BCRA6146
BCSU0001,BCRU0001
BCSU0002,BCRU0001
BCSU0005,BCRU0001
BCSU4350,BCRU4350
BCSU4419,BCRU4420
BCSU4420,BCRU4420
BMSA0347,BMRA0347
BMSA1291,BMRA1292
BMSA1292,BMRA1292
BMSA2200,BMRA1292
BMSA2201,BMRA1292
BMSA3548,BMRA3548
BMSU0005,BMRU0005
BMSU0006,BMRU0006
BMSU0007,BMRU0004
BMSU0008,BMRU0008
BMSU0009,BMRU0009
BMSU0011,BMRU0008
BMSU0012,BMRU0005
BMSU0013,BMRU0005
BMSU0014,BMRU0006
BMSU0015,BMRU0006
BMSU0581,BMRU0581
BMSU0853,HBRA2096
BMSU2119,BMRU2210
BMSU2210,BMRU2210
BMSU2211,BMRA1292
BMSU2620,BMRU2620
HBSA1384,HBRA1384
HBSA2096,HBRA2096
HBSU0001,HBRU0001
HBSU0398,HBRU0001
HBSU1384,HBRA1384
HBSU1385,HBRA1384
HBSU3213,HBRU3213
HBSU4751,HBRU4751
HBSU6714,HBRU4751
MBSA3301,MBRA3301
MBSA4314,MBRA4314
MBSA4413,MBRA4413
MBSA4569,MBRA4569
MBSA5275,MBRA5275
MBSA5584,MBRA6512
MBSA5585,MBRA6512
MBSA5715,MBRA5715
MBSA5881,MBRA5881
MBSA6410,MBRA6410
MBSA6512,MBRA6512
MBSA6561,MBRA6561
MBSA7806,MBRA7806
MBSA8344,MBRA8344
MBSA9909,MBRA9909
MBSA9919,MBRA9909
MBSU0001,HBRU4751
MBSU0002,BCRU0003
MBSU0003,BCRA6146
MBSU3561,MBRU3561
MBSU4314,MBRU4314
MBSU5688,MBRU5688
MBSU6557,MBRU6557
MBSU8999,MBRU8999
MBSU9000,MBRU8999
MBSU9909,MBRU8999
